ts,dt,hype_close,btc_close,ratio,beta,correlation,half_life,zscore_raw,raw_zscore,raw_ratio_rsi,raw_ratio_stoch_rsi,raw_ratio_macd,raw_ratio_ema_cross,raw_ratio_ema_trend,raw_ratio_vwap_dev,raw_obi_diff,raw_cvd_diff,raw_depth_skew_diff,raw_basis_diff,raw_funding_diff,sig_zscore,sig_ratio_rsi,sig_ratio_stoch_rsi,sig_ratio_macd,sig_ratio_ema_cross,sig_ratio_ema_trend,sig_ratio_vwap_dev,sig_obi_diff,sig_cvd_diff,sig_depth_skew_diff,sig_basis_diff,sig_funding_diff,weighted_sum,action,position,hype_hs_mid,btc_hs_mid,hype_bn,btc_bn,hype_funding,btc_funding
1771632000,2026-02-21 00:00:00,30.3220,67977.50,0.00044606,1.0000,0.0000,5.2,1.4499,1.449873,58.132462,53.161963,0.000000,0.162196,0.252354,-0.060721,0.000000,0.170584,0.000000,-142.523810,-0.000065,-0.7249,-0.2711,-0.1054,0.4642,0.1622,0.1262,0.1214,0.0000,0.5686,0.0000,1.0000,0.0650,-0.0011,FLAT,0.0000|0.000000,29.8575,67905.00,30.3220,67977.50,-0.000033,0.000032
1771632000,2026-02-21 00:00:00,30.3220,67977.50,0.00044606,1.4329,0.7501,5.2,1.4499,1.449873,58.132462,53.161963,0.000000,0.162196,0.252354,-0.060721,0.000000,0.170584,0.000000,-142.762260,-0.000065,-0.7249,-0.2711,-0.1054,0.4642,0.1622,0.1262,0.1214,0.0000,0.5686,0.0000,1.0000,0.0650,-0.0011,FLAT,0.0000|0.000000,29.8570,67905.50,30.3220,67977.50,-0.000033,0.000032
1771632300,2026-02-21 00:05:00,30.3880,67949.80,0.00044721,1.0000,0.0000,5.0,1.9994,1.999441,63.268435,100.000000,0.000000,0.185161,0.271412,0.144488,0.000000,0.608287,0.000000,-167.982388,-0.000065,-0.9997,-0.4423,-1.0000,0.5627,0.1852,0.1357,-0.2890,0.0000,1.0000,0.0000,1.0000,0.0650,-0.1144,FLAT,0.0000|0.000000,29.8575,67905.00,30.3880,67949.80,-0.000033,0.000032
1771632300,2026-02-21 00:05:00,30.3880,67949.80,0.00044721,1.4512,0.7277,5.0,1.9994,1.999441,63.268435,100.000000,0.000000,0.185161,0.271412,0.144488,0.000000,0.608287,0.000000,-168.220510,-0.000065,-0.9997,-0.4423,-1.0000,0.5627,0.1852,0.1357,-0.2890,0.0000,1.0000,0.0000,1.0000,0.0650,-0.1144,FLAT,0.0000|0.000000,29.8570,67905.50,30.3880,67949.80,-0.000033,0.000032
1771632600,2026-02-21 00:10:00,30.4240,67977.20,0.00044756,1.0000,0.0000,5.4,2.1325,2.132530,64.681879,100.000000,0.000000,0.207009,0.291560,0.180291,0.000000,-0.442114,0.000000,-175.580475,-0.000065,-1.0000,-0.4894,-1.0000,0.6404,0.2070,0.1458,-0.3606,0.0000,-1.0000,0.0000,1.0000,0.0650,-0.2732,FLAT,0.0000|0.000000,29.8575,67905.00,30.4240,67977.20,-0.000033,0.000032
1771632600,2026-02-21 00:10:00,30.4240,67977.20,0.00044756,1.4418,0.7254,5.4,2.1325,2.132530,64.681879,100.000000,0.000000,0.207009,0.291560,0.180291,0.000000,-0.442114,0.000000,-175.818373,-0.000065,-1.0000,-0.4894,-1.0000,0.6404,0.2070,0.1458,-0.3606,0.0000,-1.0000,0.0000,1.0000,0.0650,-0.2732,FLAT,0.0000|0.000000,29.8570,67905.50,30.4240,67977.20,-0.000033,0.000032
1771632900,2026-02-21 00:15:00,30.4120,67920.90,0.00044776,1.0000,0.0000,5.3,2.1956,2.195593,65.477646,100.000000,0.000000,0.223852,0.310663,0.153553,0.000000,-0.162197,0.000000,-179.988385,-0.000065,-1.0000,-0.5159,-1.0000,0.6733,0.2239,0.1553,-0.3071,0.0000,-0.5407,0.0000,1.0000,0.0650,-0.2298,FLAT,0.0000|0.000000,29.8575,67905.00,30.4120,67920.90,-0.000033,0.000032
1771632900,2026-02-21 00:15:00,30.4120,67920.90,0.00044776,1.4477,0.7271,5.3,2.1956,2.195593,65.477646,100.000000,0.000000,0.223852,0.310663,0.153553,0.000000,-0.162197,0.000000,-180.226409,-0.000065,-1.0000,-0.5159,-1.0000,0.6733,0.2239,0.1553,-0.3071,0.0000,-0.5407,0.0000,1.0000,0.0650,-0.2298,FLAT,0.0000|0.000000,29.8570,67905.50,30.4120,67920.90,-0.000033,0.000032
1771633200,2026-02-21 00:20:00,30.4350,67923.60,0.00044808,1.0000,0.0000,5.2,2.3225,2.322474,66.807414,100.000000,0.000000,0.239837,0.330365,0.140428,0.000000,-0.162487,0.000000,-187.010274,-0.000065,-1.0000,-0.5602,-1.0000,0.6962,0.2398,0.1652,-0.2809,0.0000,-0.5416,0.0000,1.0000,0.0650,-0.2275,FLAT,0.0000|0.000000,29.8575,67905.00,30.4350,67923.60,-0.000033,0.000032
1771633200,2026-02-21 00:20:00,30.4350,67923.60,0.00044808,1.4496,0.7275,5.2,2.3225,2.322474,66.807414,100.000000,0.000000,0.239837,0.330365,0.140428,0.000000,-0.162487,0.000000,-187.248171,-0.000065,-1.0000,-0.5602,-1.0000,0.6962,0.2398,0.1652,-0.2809,0.0000,-0.5416,0.0000,1.0000,0.0650,-0.2275,FLAT,0.0000|0.000000,29.8570,67905.50,30.4350,67923.60,-0.000033,0.000032
1771633500,2026-02-21 00:25:00,30.3710,67894.60,0.00044733,1.0000,0.0000,4.7,1.9334,1.933421,60.892476,62.254947,0.000000,0.228731,0.337238,-0.023693,0.000000,0.002082,0.000000,-170.622280,-0.000065,-0.9667,-0.3631,-0.4085,0.5284,0.2287,0.1686,0.0474,0.0000,0.0069,0.0000,1.0000,0.0650,-0.1143,FLAT,0.0000|0.000000,29.8575,67905.00,30.3710,67894.50,-0.000033,0.000032
1771633500,2026-02-21 00:25:00,30.3710,67894.60,0.00044733,1.4603,0.7279,4.7,1.9334,1.933421,60.892476,62.254947,0.000000,0.228731,0.337238,-0.023693,0.000000,0.002082,0.000000,-170.860554,-0.000065,-0.9667,-0.3631,-0.4085,0.5284,0.2287,0.1686,0.0474,0.0000,0.0069,0.0000,1.0000,0.0650,-0.1143,FLAT,0.0000|0.000000,29.8570,67905.50,30.3710,67894.50,-0.000033,0.000032
1771633800,2026-02-21 00:30:00,30.3410,67868.10,0.00044706,1.0000,0.0000,8.0,1.7490,1.748965,58.893954,49.501758,0.000000,0.209961,0.338837,-0.079274,0.000000,-0.132418,0.000000,-164.792345,-0.000065,-0.8745,-0.2965,0.0166,0.3305,0.2100,0.1694,0.1585,0.0000,-0.4414,0.0000,1.0000,0.0650,-0.1101,FLAT,0.0000|0.000000,29.8575,67905.00,30.3410,67868.10,-0.000033,0.000032
1771633800,2026-02-21 00:30:00,30.3410,67868.10,0.00044706,1.2553,0.6925,8.0,1.7490,1.748965,58.893954,49.501758,0.000000,0.209961,0.338837,-0.079274,0.000000,-0.132418,0.000000,-165.030810,-0.000065,-0.8745,-0.2965,0.0166,0.3305,0.2100,0.1694,0.1585,0.0000,-0.4414,0.0000,1.0000,0.0650,-0.1101,FLAT,0.0000|0.000000,29.8570,67905.50,30.3410,67868.10,-0.000033,0.000032
1771634100,2026-02-21 00:35:00,30.2600,67882.20,0.00044577,1.0000,0.0000,7.4,1.0912,1.091194,50.335957,0.000000,-0.000000,0.161086,0.323205,-0.324456,0.000000,-0.436583,0.000000,-136.372639,-0.000065,-0.5456,-0.0112,1.0000,-0.0492,0.1611,0.1616,0.6489,0.0000,-1.0000,0.0000,1.0000,0.0650,-0.0053,FLAT,0.0000|0.000000,29.8575,67905.00,30.2600,67882.20,-0.000033,0.000032
1771634100,2026-02-21 00:35:00,30.2600,67882.20,0.00044577,1.2571,0.6965,7.4,1.0912,1.091194,50.335957,0.000000,-0.000000,0.161086,0.323205,-0.324456,0.000000,-0.436583,0.000000,-136.611531,-0.000065,-0.5456,-0.0112,1.0000,-0.0492,0.1611,0.1616,0.6489,0.0000,-1.0000,0.0000,1.0000,0.0650,-0.0053,FLAT,0.0000|0.000000,29.8570,67905.50,30.2600,67882.20,-0.000033,0.000032
1771634400,2026-02-21 00:40:00,30.1610,67821.30,0.00044471,1.0000,0.0000,6.5,0.5782,0.578190,44.588114,0.000000,-0.000000,0.096716,0.295325,-0.492117,0.000000,-0.144091,0.000000,-112.967893,-0.000065,-0.2891,0.1804,1.0000,-0.4846,0.0967,0.1477,0.9842,0.0000,-0.4803,0.0000,1.0000,0.0650,0.0770,FLAT,0.0000|0.000000,29.8575,67905.00,30.1610,67821.30,-0.000033,0.000032
1771634400,2026-02-21 00:40:00,30.1610,67821.30,0.00044471,1.2653,0.7087,6.5,0.5782,0.578190,44.588114,0.000000,-0.000000,0.096716,0.295325,-0.492117,0.000000,-0.144091,0.000000,-113.207393,-0.000065,-0.2891,0.1804,1.0000,-0.4846,0.0967,0.1477,0.9842,0.0000,-0.4803,0.0000,1.0000,0.0650,0.0770,FLAT,0.0000|0.000000,29.8570,67905.50,30.1610,67821.30,-0.000033,0.000032
1771634700,2026-02-21 00:45:00,30.1740,67838.60,0.00044479,1.0000,0.0000,7.1,0.6264,0.626404,45.086702,2.243942,-0.000000,0.050037,0.270895,-0.453786,0.000000,0.059798,0.000000,-114.679566,-0.000065,-0.3132,0.1638,1.0000,-0.7379,0.0500,0.1354,0.9076,0.0000,0.1993,0.0000,1.0000,0.0650,0.0902,FLAT,0.0000|0.000000,29.8575,67905.00,30.1740,67838.60,-0.000033,0.000032
1771634700,2026-02-21 00:45:00,30.1740,67838.60,0.00044479,1.2486,0.7048,7.1,0.6264,0.626404,45.086702,2.243942,-0.000000,0.050037,0.270895,-0.453786,0.000000,0.059798,0.000000,-114.918976,-0.000065,-0.3132,0.1638,1.0000,-0.7379,0.0500,0.1354,0.9076,0.0000,0.1993,0.0000,1.0000,0.0650,0.0902,FLAT,0.0000|0.000000,29.8570,67905.50,30.1740,67838.60,-0.000033,0.000032
1771635000,2026-02-21 00:50:00,30.1810,67846.80,0.00044484,1.0000,0.0000,7.8,0.6470,0.646965,45.420811,3.747633,-0.000000,0.016375,0.249216,-0.411316,0.000000,-0.200011,0.000000,-115.764790,-0.000065,-0.3235,0.1526,1.0000,-0.8670,0.0164,0.1246,0.8226,0.0000,-0.6667,0.0000,1.0000,0.0650,-0.0041,FLAT,0.0000|0.000000,29.8575,67905.00,30.1810,67846.80,-0.000033,0.000032
1771635000,2026-02-21 00:50:00,30.1810,67846.80,0.00044484,1.1883,0.6737,7.8,0.6470,0.646965,45.420811,3.747633,-0.000000,0.016375,0.249216,-0.411316,0.000000,-0.197049,0.000000,-116.004153,-0.000065,-0.3235,0.1526,1.0000,-0.8670,0.0164,0.1246,0.8226,0.0000,-0.6568,0.0000,1.0000,0.0650,-0.0034,FLAT,0.0000|0.000000,29.8570,67905.50,30.1810,67846.80,-0.000033,0.000032
1771635300,2026-02-21 00:55:00,30.1870,67805.20,0.00044520,1.0000,0.0000,8.0,0.8234,0.823386,47.916703,14.980624,-0.000000,0.000435,0.233879,-0.320593,0.000000,0.041035,0.000000,-122.291458,-0.000065,-0.4117,0.0694,1.0000,-0.8566,0.0004,0.1169,0.6412,0.0000,0.1368,0.0000,1.0000,0.0650,0.0225,FLAT,0.0000|0.000000,29.8575,67905.00,30.1870,67815.90,-0.000033,0.000032
1771635300,2026-02-21 00:55:00,30.1870,67805.20,0.00044520,1.1876,0.6724,8.0,0.8234,0.823386,47.916703,14.980624,-0.000000,0.000435,0.233879,-0.320593,0.000000,0.038136,0.000000,-122.530822,-0.000065,-0.4117,0.0694,1.0000,-0.8566,0.0004,0.1169,0.6412,0.0000,0.1271,0.0000,1.0000,0.0650,0.0217,FLAT,0.0000|0.000000,29.8570,67905.50,30.1870,67815.90,-0.000033,0.000032
1771635600,2026-02-21 01:00:00,30.1650,67850.90,0.00044458,1.0000,0.0000,8.0,0.4942,0.494203,44.161105,0.000000,-0.000000,-0.026450,0.211939,-0.437472,0.000000,-0.586358,0.000000,-109.912699,-0.000065,-0.2471,0.1946,1.0000,-0.9245,-0.0265,0.1060,0.8749,0.0000,-1.0000,0.0000,1.0000,0.0650,-0.0186,FLAT,0.0000|0.000000,29.8575,67905.00,30.1650,67850.90,-0.000033,0.000032
1771635600,2026-02-21 01:00:00,30.1650,67850.90,0.00044458,1.2161,0.6866,8.0,0.4942,0.494203,44.161105,0.000000,-0.000000,-0.026450,0.211939,-0.437472,0.000000,-0.586358,0.000000,-110.152145,-0.000065,-0.2471,0.1946,1.0000,-0.9245,-0.0265,0.1060,0.8749,0.0000,-1.0000,0.0000,1.0000,0.0650,-0.0186,FLAT,0.0000|0.000000,29.8570,67905.50,30.1650,67850.90,-0.000033,0.000032
1771635900,2026-02-21 01:05:00,30.1560,67878.60,0.00044426,1.0000,0.0000,7.7,0.3222,0.322168,42.362034,0.000000,-0.000000,-0.053224,0.188125,-0.492892,0.000000,0.017050,0.000000,-102.874573,-0.000065,-0.1611,0.2546,1.0000,-0.9832,-0.0532,0.0941,0.9858,0.0000,0.0568,0.0000,1.0000,0.0650,0.0871,FLAT,0.0000|0.000000,29.8575,67905.00,30.1560,67878.60,-0.000033,0.000032
1771635900,2026-02-21 01:05:00,30.1560,67878.60,0.00044426,1.2116,0.6862,7.7,0.3222,0.322168,42.362034,0.000000,-0.000000,-0.053224,0.188125,-0.492892,0.000000,0.017050,0.000000,-103.114038,-0.000065,-0.1611,0.2546,1.0000,-0.9832,-0.0532,0.0941,0.9858,0.0000,0.0568,0.0000,1.0000,0.0650,0.0871,FLAT,0.0000|0.000000,29.8570,67905.50,30.1560,67878.60,-0.000033,0.000032
1771636200,2026-02-21 01:10:00,30.2110,67898.70,0.00044494,1.0000,0.0000,8.2,0.6583,0.658278,47.352928,20.416511,-0.000000,-0.055113,0.175050,-0.326908,0.000000,-0.136569,0.000000,-117.938213,-0.000065,-0.3291,0.0882,0.9861,-0.8626,-0.0551,0.0875,0.6538,0.0000,-0.4552,0.0000,1.0000,0.0650,-0.0134,FLAT,0.0000|0.000000,29.8575,67905.00,30.2110,67898.70,-0.000033,0.000032
1771636200,2026-02-21 01:10:00,30.2110,67898.70,0.00044494,1.1901,0.6762,8.2,0.6583,0.658278,47.352928,20.416511,-0.000000,-0.055113,0.175050,-0.326908,0.000000,-0.136569,0.000000,-118.177355,-0.000065,-0.3291,0.0882,0.9861,-0.8626,-0.0551,0.0875,0.6538,0.0000,-0.4552,0.0000,1.0000,0.0650,-0.0134,FLAT,0.0000|0.000000,29.8570,67905.50,30.2110,67898.70,-0.000033,0.000032
1771636500,2026-02-21 01:15:00,30.2830,67839.40,0.00044639,1.0000,0.0000,9.2,1.3808,1.380762,56.102415,56.208499,-0.000000,-0.019955,0.181005,-0.001824,0.000000,1.006681,0.000000,-150.177773,-0.000065,-0.6904,-0.2034,-0.2069,-0.5029,-0.0200,0.0905,0.0036,0.0000,1.0000,0.0000,1.0000,0.0650,-0.0827,FLAT,0.0000|0.000000,29.8575,67905.00,30.2830,67839.40,-0.000033,0.000032
1771636500,2026-02-21 01:15:00,30.2830,67839.40,0.00044639,1.1621,0.6712,9.2,1.3808,1.380762,56.102415,56.208499,-0.000000,-0.019955,0.181005,-0.001824,0.000000,1.006681,0.000000,-150.416585,-0.000065,-0.6904,-0.2034,-0.2069,-0.5029,-0.0200,0.0905,0.0036,0.0000,1.0000,0.0000,1.0000,0.0650,-0.0827,FLAT,0.0000|0.000000,29.8570,67905.50,30.2830,67839.40,-0.000033,0.000032
1771636800,2026-02-21 01:20:00,30.1990,67832.90,0.00044520,1.0000,0.0000,8.5,0.7669,0.766866,48.889170,26.700899,-0.000000,-0.023309,0.170811,-0.257229,0.000000,-0.594189,0.000000,-123.712275,-0.000065,-0.3834,0.0370,0.7766,-0.4599,-0.0233,0.0854,0.5145,0.0000,-1.0000,0.0000,1.0000,0.0650,-0.0537,FLAT,0.0000|0.000000,29.8575,67905.00,30.1990,67832.90,-0.000033,0.000032
1771636800,2026-02-21 01:20:00,30.1990,67832.90,0.00044520,1.1740,0.6695,8.5,0.7669,0.766866,48.889170,26.700899,-0.000000,-0.023309,0.170811,-0.257229,0.000000,-0.594189,0.000000,-123.951554,-0.000065,-0.3834,0.0370,0.7766,-0.4599,-0.0233,0.0854,0.5145,0.0000,-1.0000,0.0000,1.0000,0.0650,-0.0537,FLAT,0.0000|0.000000,29.8570,67905.50,30.1990,67832.90,-0.000033,0.000032
1771637100,2026-02-21 01:25:00,30.1940,67818.50,0.00044522,1.0000,0.0000,8.5,0.7737,0.773742,49.012015,27.203428,-0.000000,-0.024816,0.161576,-0.247519,0.000000,-0.050406,0.000000,-124.200614,-0.000065,-0.3869,0.0329,0.7599,-0.4103,-0.0248,0.0808,0.4950,0.0000,-0.1680,0.0000,1.0000,0.0650,0.0139,FLAT,0.0000|0.000000,29.8575,67905.00,30.1940,67818.50,-0.000033,0.000032
1771637100,2026-02-21 01:25:00,30.1940,67818.50,0.00044522,1.1848,0.6717,8.5,0.7737,0.773742,49.012015,27.203428,-0.000000,-0.024816,0.161576,-0.247519,0.000000,-0.050406,0.000000,-124.439937,-0.000065,-0.3869,0.0329,0.7599,-0.4103,-0.0248,0.0808,0.4950,0.0000,-0.1680,0.0000,1.0000,0.0650,0.0139,FLAT,0.0000|0.000000,29.8570,67905.50,30.1940,67818.50,-0.000033,0.000032
1771637400,2026-02-21 01:30:00,30.2140,67850.40,0.00044530,1.0000,0.0000,9.0,0.8043,0.804307,49.548391,38.781355,-0.000000,-0.023367,0.154015,-0.225078,0.000000,-0.340565,0.000000,-126.038775,-0.000065,-0.4022,0.0151,0.3740,-0.3473,-0.0234,0.0770,0.4502,0.0000,-1.0000,0.0000,1.0000,0.0650,-0.0810,FLAT,0.0000|0.000000,29.8575,67905.00,30.2140,67850.40,-0.000033,0.000032
1771637400,2026-02-21 01:30:00,30.2140,67850.40,0.00044530,1.1070,0.6167,9.0,0.8043,0.804307,49.548391,38.781355,-0.000000,-0.023367,0.154015,-0.225078,0.000000,-0.340565,0.000000,-126.277953,-0.000065,-0.4022,0.0151,0.3740,-0.3473,-0.0234,0.0770,0.4502,0.0000,-1.0000,0.0000,1.0000,0.0650,-0.0810,FLAT,0.0000|0.000000,29.8570,67905.50,30.2140,67850.40,-0.000033,0.000032
1771637700,2026-02-21 01:35:00,30.2820,67962.00,0.00044557,1.0000,0.0000,9.1,0.9237,0.923663,51.287849,53.991402,-0.000000,-0.015292,0.150229,-0.159547,0.000000,-0.443617,0.000000,-131.795247,-0.000065,-0.4618,-0.0429,-0.1330,-0.2471,-0.0153,0.0751,0.3191,0.0000,-1.0000,0.0000,1.0000,0.0650,-0.1317,FLAT,0.0000|0.000000,29.8575,67905.00,30.2820,67962.00,-0.000033,0.000032
1771637700,2026-02-21 01:35:00,30.2820,67962.00,0.00044557,1.1022,0.5984,9.1,0.9237,0.923663,51.287849,53.991402,-0.000000,-0.015292,0.150229,-0.159547,0.000000,-0.443617,0.000000,-132.033932,-0.000065,-0.4618,-0.0429,-0.1330,-0.2471,-0.0153,0.0751,0.3191,0.0000,-1.0000,0.0000,1.0000,0.0650,-0.1317,FLAT,0.0000|0.000000,29.8570,67905.50,30.2820,67962.00,-0.000033,0.000032
1771638000,2026-02-21 01:40:00,30.3250,67942.10,0.00044634,1.0000,0.0000,9.3,1.2804,1.280371,55.926280,98.718117,-0.000000,0.009553,0.155888,0.011021,0.000000,0.156617,0.000000,-148.702700,-0.000065,-0.6402,-0.1975,-1.0000,-0.0446,0.0096,0.0779,-0.0220,0.0000,0.5221,0.0000,1.0000,0.0650,-0.1202,FLAT,0.0000|0.000000,29.8575,67905.00,30.3250,67942.10,-0.000033,0.000032
1771638000,2026-02-21 01:40:00,30.3250,67942.10,0.00044634,1.1183,0.6092,9.3,1.2804,1.280371,55.926280,98.718117,-0.000000,0.009553,0.155888,0.011021,0.000000,0.156617,0.000000,-148.941172,-0.000065,-0.6402,-0.1975,-1.0000,-0.0446,0.0096,0.0779,-0.0220,0.0000,0.5221,0.0000,1.0000,0.0650,-0.1202,FLAT,0.0000|0.000000,29.8570,67905.50,30.3250,67942.10,-0.000033,0.000032
1771638300,2026-02-21 01:45:00,30.4510,67969.00,0.00044801,1.0000,0.0000,10.0,2.0647,2.064719,64.029888,100.000000,0.000000,0.068477,0.181117,0.359397,0.000000,0.458171,0.000000,-185.487230,-0.000065,-1.0000,-0.4677,-1.0000,0.3672,0.0685,0.0906,-0.7188,0.0000,1.0000,0.0000,1.0000,0.0650,-0.1778,FLAT,0.0000|0.000000,29.8575,67905.00,30.4510,67969.00,-0.000033,0.000032
1771638300,2026-02-21 01:45:00,30.4510,67969.00,0.00044801,1.1164,0.6026,10.0,2.0647,2.064719,64.029888,100.000000,0.000000,0.068477,0.181117,0.359397,0.000000,0.458171,0.000000,-185.724991,-0.000065,-1.0000,-0.4677,-1.0000,0.3672,0.0685,0.0906,-0.7188,0.0000,1.0000,0.0000,1.0000,0.0650,-0.1778,FLAT,0.0000|0.000000,29.8570,67905.50,30.4510,67969.00,-0.000033,0.000032
1771638600,2026-02-21 01:50:00,30.3320,67936.10,0.00044648,1.0000,0.0000,9.8,1.2751,1.275079,54.207981,54.670605,0.000000,0.072520,0.183624,0.014912,0.000000,-0.150650,0.000000,-151.857616,-0.000065,-0.6375,-0.1403,-0.1557,0.3419,0.0725,0.0918,-0.0298,0.0000,-0.5022,0.0000,1.0000,0.0650,-0.0941,FLAT,0.0000|0.000000,29.8575,67905.00,30.3320,67936.10,-0.000033,0.000032
1771638600,2026-02-21 01:50:00,30.3320,67936.10,0.00044648,1.1657,0.6204,9.8,1.2751,1.275079,54.207981,54.670605,0.000000,0.072520,0.183624,0.014912,0.000000,-0.150650,0.000000,-152.096057,-0.000065,-0.6375,-0.1403,-0.1557,0.3419,0.0725,0.0918,-0.0298,0.0000,-0.5022,0.0000,1.0000,0.0650,-0.0941,FLAT,0.0000|0.000000,29.8570,67905.50,30.3320,67936.10,-0.000033,0.000032
1771638900,2026-02-21 01:55:00,30.3410,67916.10,0.00044674,1.0000,0.0000,9.6,1.3760,1.376020,55.473290,60.510175,0.000000,0.080594,0.188494,0.072131,0.000000,0.054621,0.000000,-157.720958,-0.000065,-0.6880,-0.1824,-0.3503,0.3541,0.0806,0.0942,-0.1443,0.0000,0.1821,0.0000,1.0000,0.0650,-0.0724,FLAT,0.0000|0.000000,29.8575,67905.00,30.3410,67916.10,-0.000033,0.000032
1771638900,2026-02-21 01:55:00,30.3410,67916.10,0.00044674,1.1629,0.6225,9.6,1.3760,1.376020,55.473290,60.510175,0.000000,0.080594,0.188494,0.072131,0.000000,0.054621,0.000000,-157.959372,-0.000065,-0.6880,-0.1824,-0.3503,0.3541,0.0806,0.0942,-0.1443,0.0000,0.1821,0.0000,1.0000,0.0650,-0.0724,FLAT,0.0000|0.000000,29.8570,67905.50,30.3410,67916.10,-0.000033,0.000032
1771639200,2026-02-21 02:00:00,30.3480,67900.00,0.00044695,1.0000,0.0000,10.2,1.4458,1.445764,56.498216,65.240343,0.000000,0.090105,0.194722,0.117545,0.000000,-0.069937,0.000000,-162.361525,-0.000065,-0.7229,-0.2166,-0.5080,0.3709,0.0901,0.0974,-0.2351,0.0000,-0.2331,0.0000,1.0000,0.0650,-0.1302,FLAT,0.0000|0.000000,29.8575,67905.00,30.3480,67900.00,-0.000033,0.000032
1771639200,2026-02-21 02:00:00,30.3480,67900.00,0.00044695,1.1468,0.5954,10.2,1.4458,1.445764,56.498216,65.240343,0.000000,0.090105,0.194722,0.117545,0.000000,-0.069937,0.000000,-162.599919,-0.000065,-0.7229,-0.2166,-0.5080,0.3709,0.0901,0.0974,-0.2351,0.0000,-0.2331,0.0000,1.0000,0.0650,-0.1302,FLAT,0.0000|0.000000,29.8570,67905.50,30.3480,67900.00,-0.000033,0.000032
1771639500,2026-02-21 02:05:00,30.3660,67967.90,0.00044677,1.0000,0.0000,10.4,1.3276,1.327612,55.306602,59.740888,0.000000,0.090939,0.197312,0.075901,0.000000,-0.095143,0.000000,-158.187957,-0.000065,-0.6638,-0.1769,-0.3247,0.3248,0.0909,0.0987,-0.1518,0.0000,-0.3171,0.0000,1.0000,0.0650,-0.1077,FLAT,0.0000|0.000000,29.8575,67905.00,30.3660,67968.00,-0.000033,0.000032
1771639500,2026-02-21 02:05:00,30.3660,67967.90,0.00044677,1.1521,0.5968,10.4,1.3276,1.327612,55.306602,59.740888,0.000000,0.090939,0.197312,0.075901,0.000000,-0.095143,0.000000,-158.426178,-0.000065,-0.6638,-0.1769,-0.3247,0.3248,0.0909,0.0987,-0.1518,0.0000,-0.3171,0.0000,1.0000,0.0650,-0.1077,FLAT,0.0000|0.000000,29.8570,67905.50,30.3660,67968.00,-0.000033,0.000032
1771639800,2026-02-21 02:10:00,30.3960,67952.90,0.00044731,1.0000,0.0000,11.2,1.5520,1.552014,58.133656,72.788114,0.000000,0.103084,0.205622,0.191158,0.000000,-0.074325,0.000000,-170.112468,-0.000065,-0.7760,-0.2711,-0.7596,0.3653,0.1031,0.1028,-0.3823,0.0000,-0.2477,0.0000,1.0000,0.0650,-0.1735,FLAT,0.0000|0.000000,29.8575,67905.00,30.3960,67952.90,-0.000033,0.000032
1771639800,2026-02-21 02:10:00,30.3960,67952.90,0.00044731,1.1676,0.5539,11.2,1.5520,1.552014,58.133656,72.788114,0.000000,0.103084,0.205622,0.191158,0.000000,-0.074325,0.000000,-170.350544,-0.000065,-0.7760,-0.2711,-0.7596,0.3653,0.1031,0.1028,-0.3823,0.0000,-0.2477,0.0000,1.0000,0.0650,-0.1735,FLAT,0.0000|0.000000,29.8570,67905.50,30.3960,67952.90,-0.000033,0.000032
1771640100,2026-02-21 02:15:00,30.3820,67962.60,0.00044704,1.0000,0.0000,11.1,1.3908,1.390791,56.220301,53.171400,0.000000,0.103444,0.208894,0.128581,0.000000,0.059815,0.000000,-164.159863,-0.000065,-0.6954,-0.2073,-0.1057,0.3175,0.1034,0.1044,-0.2572,0.0000,0.1994,0.0000,1.0000,0.0650,-0.0666,FLAT,0.0000|0.000000,29.8575,67905.00,30.3820,67962.60,-0.000033,0.000032
1771640100,2026-02-21 02:15:00,30.3820,67962.60,0.00044704,1.1659,0.5530,11.1,1.3908,1.390791,56.220301,53.171400,0.000000,0.103444,0.208894,0.128581,0.000000,0.059815,0.000000,-164.398004,-0.000065,-0.6954,-0.2073,-0.1057,0.3175,0.1034,0.1044,-0.2572,0.0000,0.1994,0.0000,1.0000,0.0650,-0.0666,FLAT,0.0000|0.000000,29.8570,67905.50,30.3820,67962.60,-0.000033,0.000032
1771640400,2026-02-21 02:20:00,30.3720,68006.60,0.00044660,1.0000,0.0000,10.1,1.1597,1.159709,53.173079,28.293964,0.000000,0.091167,0.205681,0.030469,0.000000,-0.744207,0.000000,-154.459720,-0.000065,-0.5799,-0.1058,0.7235,0.1874,0.0912,0.1028,-0.0609,0.0000,-1.0000,0.0000,1.0000,0.0650,-0.0736,FLAT,0.0000|0.000000,29.8575,67905.00,30.3720,68006.60,-0.000033,0.000032
1771640400,2026-02-21 02:20:00,30.3720,68006.60,0.00044660,1.1826,0.5662,10.1,1.1597,1.159709,53.173079,28.293964,0.000000,0.091167,0.205681,0.030469,0.000000,-0.744207,0.000000,-154.697868,-0.000065,-0.5799,-0.1058,0.7235,0.1874,0.0912,0.1028,-0.0609,0.0000,-1.0000,0.0000,1.0000,0.0650,-0.0736,FLAT,0.0000|0.000000,29.8570,67905.50,30.3720,68006.60,-0.000033,0.000032
1771640700,2026-02-21 02:25:00,30.3760,68030.00,0.00044651,1.0000,0.0000,8.9,1.0980,1.098036,52.506972,23.894520,0.000000,0.078264,0.201020,0.009018,0.000000,-0.341171,0.000000,-152.319722,-0.000065,-0.5490,-0.0836,0.8702,0.0711,0.0783,0.1005,-0.0180,0.0000,-1.0000,0.0000,1.0000,0.0650,-0.0652,FLAT,0.0000|0.000000,29.8575,67905.00,30.3760,68030.00,-0.000033,0.000032
1771640700,2026-02-21 02:25:00,30.3760,68030.00,0.00044651,1.1560,0.5613,8.9,1.0980,1.098036,52.506972,23.894520,0.000000,0.078264,0.201020,0.009018,0.000000,-0.341171,0.000000,-152.557823,-0.000065,-0.5490,-0.0836,0.8702,0.0711,0.0783,0.1005,-0.0180,0.0000,-1.0000,0.0000,1.0000,0.0650,-0.0652,FLAT,0.0000|0.000000,29.8570,67905.50,30.3760,68030.00,-0.000033,0.000032
1771641000,2026-02-21 02:30:00,30.4250,68029.00,0.00044724,1.0000,0.0000,7.9,1.4424,1.442425,56.958149,52.911183,0.000000,0.085211,0.205274,0.163361,0.000000,-0.037703,0.000000,-168.296719,-0.000065,-0.7212,-0.2319,-0.0970,0.1110,0.0852,0.1026,-0.3267,0.0000,-0.1257,0.0000,1.0000,0.0650,-0.1262,FLAT,0.0000|0.000000,29.8575,67905.00,30.4250,68029.00,-0.000033,0.000032
1771641000,2026-02-21 02:30:00,30.4250,68029.00,0.00044724,1.1455,0.5608,7.9,1.4424,1.442425,56.958149,52.911183,0.000000,0.085211,0.205274,0.163361,0.000000,-0.037703,0.000000,-168.534556,-0.000065,-0.7212,-0.2319,-0.0970,0.1110,0.0852,0.1026,-0.3267,0.0000,-0.1257,0.0000,1.0000,0.0650,-0.1262,FLAT,0.0000|0.000000,29.8570,67905.50,30.4250,68029.00,-0.000033,0.000032
1771641300,2026-02-21 02:35:00,30.4610,68049.30,0.00044763,1.0000,0.0000,6.8,1.6485,1.648536,59.199565,66.644865,0.000000,0.098368,0.213229,0.245237,0.000000,0.069291,0.000000,-176.916975,-0.000065,-0.8243,-0.3067,-0.5548,0.1894,0.0984,0.1066,-0.4905,0.0000,0.2310,0.0000,1.0000,0.0650,-0.1587,FLAT,0.0000|0.000000,29.8575,67905.00,30.4610,68049.30,-0.000033,0.000032
1771641300,2026-02-21 02:35:00,30.4610,68049.30,0.00044763,1.1384,0.5609,6.8,1.6485,1.648536,59.199565,66.644865,0.000000,0.098368,0.213229,0.245237,0.000000,0.071306,0.000000,-177.154595,-0.000065,-0.8243,-0.3067,-0.5548,0.1894,0.0984,0.1066,-0.4905,0.0000,0.2377,0.0000,1.0000,0.0650,-0.1582,FLAT,0.0000|0.000000,29.8570,67905.50,30.4610,68049.30,-0.000033,0.000032
1771641600,2026-02-21 02:40:00,30.5050,68052.40,0.00044826,1.0000,0.0000,7.0,1.9719,1.971883,62.525927,88.196862,0.000000,0.121418,0.227246,0.377113,0.000000,0.442054,0.000000,-190.600505,-0.000065,-0.9859,-0.4175,-1.0000,0.3271,0.1214,0.1136,-0.7542,0.0000,1.0000,0.0000,1.0000,0.0650,-0.1720,FLAT,0.0000|0.000000,29.8575,67905.00,30.5050,68052.40,-0.000033,0.000032
1771641600,2026-02-21 02:40:00,30.5050,68052.40,0.00044826,1.1351,0.5591,7.0,1.9719,1.971883,62.525927,88.196862,0.000000,0.121418,0.227246,0.377113,0.000000,0.440604,0.000000,-190.837886,-0.000065,-0.9859,-0.4175,-1.0000,0.3271,0.1214,0.1136,-0.7542,0.0000,1.0000,0.0000,1.0000,0.0650,-0.1720,FLAT,0.0000|0.000000,29.8570,67905.50,30.5050,68052.40,-0.000033,0.000032
1771641900,2026-02-21 02:45:00,30.5180,67973.20,0.00044897,1.0000,0.0000,8.0,2.3197,2.319674,65.934226,100.000000,0.000000,0.153356,0.247606,0.525588,0.000000,0.382972,0.000000,-206.396282,-0.000065,-1.0000,-0.5311,-1.0000,0.5091,0.1534,0.1238,-1.0000,0.0000,1.0000,0.0000,1.0000,0.0650,-0.1799,FLAT,0.0000|0.000000,29.8575,67905.00,30.5180,67973.20,-0.000033,0.000032
1771641900,2026-02-21 02:45:00,30.5180,67973.20,0.00044897,1.1006,0.5478,8.0,2.3197,2.319674,65.934226,100.000000,0.000000,0.153356,0.247606,0.525588,0.000000,0.382972,0.000000,-206.633678,-0.000065,-1.0000,-0.5311,-1.0000,0.5091,0.1534,0.1238,-1.0000,0.0000,1.0000,0.0000,1.0000,0.0650,-0.1799,FLAT,0.0000|0.000000,29.8570,67905.50,30.5180,67973.20,-0.000033,0.000032
1771642200,2026-02-21 02:50:00,30.5350,67978.70,0.00044918,1.0000,0.0000,8.9,2.3844,2.384371,66.905274,100.000000,0.000000,0.178970,0.267279,0.553871,0.000000,0.611958,0.000000,-211.034904,-0.000065,-1.0000,-0.5635,-1.0000,0.6220,0.1790,0.1336,-1.0000,0.0000,1.0000,0.0000,1.0000,0.0650,-0.1686,FLAT,0.0000|0.000000,29.8575,67905.00,30.5350,67978.70,-0.000033,0.000032
1771642200,2026-02-21 02:50:00,30.5350,67978.70,0.00044918,1.0606,0.5139,8.9,2.3844,2.384371,66.905274,100.000000,0.000000,0.178970,0.267279,0.553871,0.000000,0.611958,0.000000,-211.272203,-0.000065,-1.0000,-0.5635,-1.0000,0.6220,0.1790,0.1336,-1.0000,0.0000,1.0000,0.0000,1.0000,0.0650,-0.1686,FLAT,0.0000|0.000000,29.8570,67905.50,30.5350,67978.70,-0.000033,0.000032
1771642500,2026-02-21 02:55:00,30.5340,67970.30,0.00044923,1.0000,0.0000,9.0,2.3562,2.356220,67.098058,100.000000,0.000000,0.195308,0.284145,0.552664,0.000000,0.642883,0.000000,-211.949161,-0.000065,-1.0000,-0.5699,-1.0000,0.6544,0.1953,0.1421,-1.0000,0.0000,1.0000,0.0000,1.0000,0.0650,-0.1642,FLAT,0.0000|0.000000,29.8575,67905.00,30.5340,67970.30,-0.000033,0.000032
1771642500,2026-02-21 02:55:00,30.5340,67970.30,0.00044923,1.0734,0.5038,9.0,2.3562,2.356220,67.098058,100.000000,0.000000,0.195308,0.284145,0.552664,0.000000,0.642883,0.000000,-212.186474,-0.000065,-1.0000,-0.5699,-1.0000,0.6544,0.1953,0.1421,-1.0000,0.0000,1.0000,0.0000,1.0000,0.0650,-0.1642,FLAT,0.0000|0.000000,29.8570,67905.50,30.5340,67970.30,-0.000033,0.000032
1771642800,2026-02-21 03:00:00,30.4350,67769.90,0.00044909,1.0000,0.0000,8.4,2.2484,2.248396,65.758986,90.822671,0.000000,0.200391,0.296365,0.490196,0.000000,0.412113,0.000000,-209.683749,-0.000065,-1.0000,-0.5253,-1.0000,0.6032,0.2004,0.1482,-0.9804,0.0000,1.0000,0.0000,1.0000,0.0650,-0.1636,FLAT,0.0000|0.000000,29.8575,67905.00,30.4350,67769.90,-0.000033,0.000032
1771642800,2026-02-21 03:00:00,30.4350,67769.90,0.00044909,1.0908,0.5259,8.4,2.2484,2.248396,65.758986,90.822671,0.000000,0.200391,0.296365,0.490196,0.000000,0.412113,0.000000,-209.921812,-0.000065,-1.0000,-0.5253,-1.0000,0.6032,0.2004,0.1482,-0.9804,0.0000,1.0000,0.0000,1.0000,0.0650,-0.1636,FLAT,0.0000|0.000000,29.8570,67905.50,30.4350,67769.90,-0.000033,0.000032
1771643100,2026-02-21 03:05:00,30.2950,67673.30,0.00044767,1.0000,0.0000,9.5,1.4558,1.455785,53.389151,6.046011,0.000000,0.165681,0.288471,0.159418,0.000000,-0.415711,0.000000,-178.651292,-0.000065,-0.7279,-0.1130,1.0000,0.2775,0.1657,0.1442,-0.3188,0.0000,-1.0000,0.0000,1.0000,0.0650,-0.0855,FLAT,0.0000|0.000000,29.8575,67905.00,30.2950,67673.30,-0.000033,0.000032
1771643100,2026-02-21 03:05:00,30.2950,67673.30,0.00044767,1.1495,0.5602,9.5,1.4558,1.455785,53.389151,6.046011,0.000000,0.165681,0.288471,0.159418,0.000000,-0.415711,0.000000,-178.890221,-0.000065,-0.7279,-0.1130,1.0000,0.2775,0.1657,0.1442,-0.3188,0.0000,-1.0000,0.0000,1.0000,0.0650,-0.0855,FLAT,0.0000|0.000000,29.8570,67905.50,30.2950,67673.30,-0.000033,0.000032
1771643400,2026-02-21 03:10:00,30.3400,67727.40,0.00044797,1.0000,0.0000,9.2,1.5878,1.587847,55.333803,19.373681,0.000000,0.144897,0.284398,0.223252,0.000000,-0.194011,0.000000,-185.253752,-0.000065,-0.7939,-0.1778,1.0000,0.0955,0.1449,0.1422,-0.4465,0.0000,-0.6467,0.0000,1.0000,0.0650,-0.1045,FLAT,0.0000|0.000000,29.8575,67905.00,30.3400,67727.40,-0.000033,0.000032
1771643400,2026-02-21 03:10:00,30.3400,67727.40,0.00044797,1.1647,0.5676,9.2,1.5878,1.587847,55.333803,19.373681,0.000000,0.144897,0.284398,0.223252,0.000000,-0.194011,0.000000,-185.492376,-0.000065,-0.7939,-0.1778,1.0000,0.0955,0.1449,0.1422,-0.4465,0.0000,-0.6467,0.0000,1.0000,0.0650,-0.1045,FLAT,0.0000|0.000000,29.8570,67905.50,30.3400,67727.40,-0.000033,0.000032
1771643700,2026-02-21 03:15:00,30.3600,67712.20,0.00044837,1.0000,0.0000,11.0,1.7526,1.752625,57.781462,36.148716,0.000000,0.136787,0.284789,0.307403,0.000000,-0.053215,0.000000,-191.766211,-0.000065,-0.8763,-0.2594,0.4617,0.0282,0.1368,0.1424,-0.6148,0.0000,-0.1774,0.0000,1.0000,0.0650,-0.1468,FLAT,0.0000|0.000000,29.8575,67905.00,30.3600,67727.20,-0.000033,0.000032
1771643700,2026-02-21 03:15:00,30.3600,67712.20,0.00044837,1.1276,0.5536,11.0,1.7526,1.752625,57.781462,36.148716,0.000000,0.136787,0.284789,0.307403,0.000000,-0.053215,0.000000,-192.004727,-0.000065,-0.8763,-0.2594,0.4617,0.0282,0.1368,0.1424,-0.6148,0.0000,-0.1774,0.0000,1.0000,0.0650,-0.1468,FLAT,0.0000|0.000000,29.8570,67905.50,30.3600,67727.20,-0.000033,0.000032
1771644000,2026-02-21 03:20:00,30.4010,67783.80,0.00044850,1.0000,0.0000,11.4,1.7742,1.774181,58.591562,41.700735,-0.000000,0.131595,0.285829,0.330670,0.000000,0.108050,0.000000,-196.657392,-0.000065,-0.8871,-0.2864,0.2766,-0.0095,0.1316,0.1429,-0.6613,0.0000,0.3602,0.0000,1.0000,0.0650,-0.1285,FLAT,0.0000|0.000000,29.8575,67905.00,30.4010,67783.80,-0.000033,0.000032
1771644000,2026-02-21 03:20:00,30.4010,67783.80,0.00044850,1.1509,0.5407,11.4,1.7742,1.774181,58.591562,41.700735,-0.000000,0.131595,0.285829,0.330670,0.000000,0.108050,0.000000,-196.895625,-0.000065,-0.8871,-0.2864,0.2766,-0.0095,0.1316,0.1429,-0.6613,0.0000,0.3602,0.0000,1.0000,0.0650,-0.1285,FLAT,0.0000|0.000000,29.8570,67905.50,30.4010,67783.80,-0.000033,0.000032
1771644300,2026-02-21 03:25:00,30.3760,67767.20,0.00044824,1.0000,0.0000,10.4,1.6039,1.603908,56.295604,25.965386,-0.000000,0.119119,0.282611,0.269178,0.000000,-0.168130,0.000000,-191.028290,-0.000065,-0.8020,-0.2099,0.8012,-0.0938,0.1191,0.1413,-0.5384,0.0000,-0.5604,0.0000,1.0000,0.0650,-0.1432,FLAT,0.0000|0.000000,29.8575,67905.00,30.3760,67767.20,-0.000033,0.000032
1771644300,2026-02-21 03:25:00,30.3760,67767.20,0.00044824,1.1841,0.5504,10.4,1.6039,1.603908,56.295604,25.965386,-0.000000,0.119119,0.282611,0.269178,0.000000,-0.168130,0.000000,-191.266676,-0.000065,-0.8020,-0.2099,0.8012,-0.0938,0.1191,0.1413,-0.5384,0.0000,-0.5604,0.0000,1.0000,0.0650,-0.1432,FLAT,0.0000|0.000000,29.8570,67905.50,30.3760,67767.20,-0.000033,0.000032
1771644600,2026-02-21 03:30:00,30.4580,67784.90,0.00044933,1.0000,0.0000,10.9,2.1193,2.119296,62.899511,71.225263,0.000000,0.134469,0.292349,0.503910,0.000000,0.068357,0.000000,-214.874551,-0.000065,-1.0000,-0.4300,-0.7075,0.0303,0.1345,0.1462,-1.0000,0.0000,0.2279,0.0000,1.0000,0.0650,-0.2613,FLAT,0.0000|0.000000,29.8575,67905.00,30.4580,67784.90,-0.000033,0.000032
1771644600,2026-02-21 03:30:00,30.4580,67784.90,0.00044933,1.1669,0.5390,10.9,2.1193,2.119296,62.899511,71.225263,0.000000,0.134469,0.292349,0.503910,0.000000,0.068357,0.000000,-215.112474,-0.000065,-1.0000,-0.4300,-0.7075,0.0303,0.1345,0.1462,-1.0000,0.0000,0.2279,0.0000,1.0000,0.0650,-0.2613,FLAT,0.0000|0.000000,29.8570,67905.50,30.4580,67784.90,-0.000033,0.000032
1771644900,2026-02-21 03:35:00,30.4330,67735.00,0.00044930,1.0000,0.0000,11.6,2.0447,2.044693,62.544957,66.787281,0.000000,0.142249,0.299458,0.489784,0.000000,0.206769,0.000000,-214.201741,-0.000065,-1.0000,-0.4182,-0.5596,0.0836,0.1422,0.1497,-0.9796,0.0000,0.6892,0.0000,1.0000,0.0650,-0.2056,FLAT,0.0000|0.000000,29.8575,67905.00,30.4330,67735.00,-0.000033,0.000032
1771644900,2026-02-21 03:35:00,30.4330,67735.00,0.00044930,1.1663,0.5409,11.6,2.0447,2.044693,62.544957,66.787281,0.000000,0.142249,0.299458,0.489784,0.000000,0.206769,0.000000,-214.439853,-0.000065,-1.0000,-0.4182,-0.5596,0.0836,0.1422,0.1497,-0.9796,0.0000,0.6892,0.0000,1.0000,0.0650,-0.2056,FLAT,0.0000|0.000000,29.8570,67905.50,30.4330,67735.00,-0.000033,0.000032
1771645200,2026-02-21 03:40:00,30.2620,67589.80,0.00044773,1.0000,0.0000,10.1,1.2177,1.217667,50.054080,0.000000,-0.000000,0.107251,0.285413,0.132862,0.000000,-0.119575,0.000000,-180.300239,-0.000065,-0.6088,-0.0018,1.0000,-0.1740,0.1073,0.1427,-0.2657,0.0000,-0.3986,0.0000,1.0000,0.0650,-0.0508,FLAT,0.0000|0.000000,29.8575,67905.00,30.2620,67589.80,-0.000033,0.000032
1771645200,2026-02-21 03:40:00,30.2620,67589.80,0.00044773,1.2466,0.5728,10.1,1.2177,1.217667,50.054080,0.000000,-0.000000,0.107251,0.285413,0.132862,0.000000,-0.119575,0.000000,-180.539439,-0.000065,-0.6088,-0.0018,1.0000,-0.1740,0.1073,0.1427,-0.2657,0.0000,-0.3986,0.0000,1.0000,0.0650,-0.0508,FLAT,0.0000|0.000000,29.8570,67905.50,30.2620,67589.80,-0.000033,0.000032
1771645500,2026-02-21 03:45:00,30.2320,67606.50,0.00044718,1.0000,0.0000,8.6,0.9185,0.918516,46.510336,0.000000,-0.000000,0.066354,0.265342,0.008655,0.000000,-0.153754,0.000000,-168.027923,-0.000065,-0.4593,0.1163,1.0000,-0.4381,0.0664,0.1327,-0.0173,0.0000,-0.5125,0.0000,1.0000,0.0650,-0.0334,FLAT,0.0000|0.000000,29.8575,67905.00,30.2320,67606.50,-0.000033,0.000032
1771645500,2026-02-21 03:45:00,30.2320,67606.50,0.00044718,1.1794,0.5506,8.6,0.9185,0.918516,46.510336,0.000000,-0.000000,0.066354,0.265342,0.008655,0.000000,-0.153754,0.000000,-168.267268,-0.000065,-0.4593,0.1163,1.0000,-0.4381,0.0664,0.1327,-0.0173,0.0000,-0.5125,0.0000,1.0000,0.0650,-0.0334,FLAT,0.0000|0.000000,29.8570,67905.50,30.2320,67606.50,-0.000033,0.000032
1771645800,2026-02-21 03:50:00,30.1960,67616.50,0.00044658,1.0000,0.0000,9.1,0.5925,0.592525,42.972633,0.000000,-0.000000,0.020819,0.239499,-0.122539,0.000000,-0.662368,0.000000,-154.768041,-0.000065,-0.2963,0.2342,1.0000,-0.6992,0.0208,0.1197,0.2451,0.0000,-1.0000,0.0000,1.0000,0.0650,-0.0424,FLAT,0.0000|0.000000,29.8575,67905.00,30.1960,67616.50,-0.000033,0.000032
1771645800,2026-02-21 03:50:00,30.1960,67616.50,0.00044658,1.1187,0.5176,9.1,0.5925,0.592525,42.972633,0.000000,-0.000000,0.020819,0.239499,-0.122539,0.000000,-0.662368,0.000000,-155.007572,-0.000065,-0.2963,0.2342,1.0000,-0.6992,0.0208,0.1197,0.2451,0.0000,-1.0000,0.0000,1.0000,0.0650,-0.0424,FLAT,0.0000|0.000000,29.8570,67905.50,30.1960,67616.50,-0.000033,0.000032
1771646100,2026-02-21 03:55:00,30.2740,67637.00,0.00044760,1.0000,0.0000,9.6,1.1037,1.103691,49.945191,28.901284,-0.000000,0.012109,0.228623,0.102895,0.000000,-0.304547,0.000000,-176.222669,-0.000065,-0.5518,0.0018,0.7033,-0.6642,0.0121,0.1143,-0.2058,0.0000,-1.0000,0.0000,1.0000,0.0650,-0.1619,FLAT,0.0000|0.000000,29.8575,67905.00,30.2710,67637.00,-0.000033,0.000032
1771646100,2026-02-21 03:55:00,30.2740,67637.00,0.00044760,1.1314,0.5187,9.6,1.1037,1.103691,49.945191,28.901284,-0.000000,0.012109,0.228623,0.102895,0.000000,-0.304547,0.000000,-176.461767,-0.000065,-0.5518,0.0018,0.7033,-0.6642,0.0121,0.1143,-0.2058,0.0000,-1.0000,0.0000,1.0000,0.0650,-0.1619,FLAT,0.0000|0.000000,29.8570,67905.50,30.2710,67637.00,-0.000033,0.000032
1771646400,2026-02-21 04:00:00,30.2770,67602.70,0.00044787,1.0000,0.0000,9.5,1.2227,1.222729,51.643402,35.940378,-0.000000,0.012168,0.221698,0.160686,0.000000,0.768684,0.000000,-183.271167,-0.000065,-0.6114,-0.0548,0.4687,-0.5728,0.0122,0.1108,-0.3214,0.0000,1.0000,0.0000,1.0000,0.0650,-0.0339,FLAT,0.0000|0.000000,29.8575,67905.00,30.2770,67602.70,-0.000033,0.000032
1771646400,2026-02-21 04:00:00,30.2770,67602.70,0.00044787,1.1158,0.5023,9.5,1.2227,1.222729,51.643402,35.940378,-0.000000,0.012168,0.221698,0.160686,0.000000,0.768684,0.000000,-183.510270,-0.000065,-0.6114,-0.0548,0.4687,-0.5728,0.0122,0.1108,-0.3214,0.0000,1.0000,0.0000,1.0000,0.0650,-0.0339,FLAT,0.0000|0.000000,29.8570,67905.50,30.2770,67602.70,-0.000033,0.000032
1771646700,2026-02-21 04:05:00,30.3320,67650.50,0.00044836,1.0000,0.0000,10.4,1.4517,1.451672,54.672578,51.346280,-0.000000,0.024084,0.221030,0.267716,0.000000,-0.416101,0.000000,-194.055273,-0.000065,-0.7258,-0.1558,-0.0449,-0.4106,0.0241,0.1105,-0.5354,0.0000,-1.0000,0.0000,1.0000,0.0650,-0.2586,FLAT,0.0000|0.000000,29.8575,67905.00,30.3320,67650.50,-0.000033,0.000032
1771646700,2026-02-21 04:05:00,30.3320,67650.50,0.00044836,1.1326,0.5093,10.4,1.4517,1.451672,54.672578,51.346280,-0.000000,0.024084,0.221030,0.267716,0.000000,-0.416101,0.000000,-194.294025,-0.000065,-0.7258,-0.1558,-0.0449,-0.4106,0.0241,0.1105,-0.5354,0.0000,-1.0000,0.0000,1.0000,0.0650,-0.2586,FLAT,0.0000|0.000000,29.8570,67905.50,30.3320,67650.50,-0.000033,0.000032
1771647000,2026-02-21 04:10:00,30.3490,67620.80,0.00044881,1.0000,0.0000,11.8,1.6440,1.644043,57.274946,71.773976,-0.000000,0.043227,0.225253,0.363669,0.000000,0.002800,0.000000,-203.116556,-0.000065,-0.8220,-0.2425,-0.7258,-0.2200,0.0432,0.1126,-0.7273,0.0000,0.0093,0.0000,1.0000,0.0650,-0.2444,FLAT,0.0000|0.000000,29.8575,67905.00,30.3490,67626.60,-0.000033,0.000032
1771647000,2026-02-21 04:10:00,30.3490,67620.80,0.00044881,1.1043,0.4983,11.8,1.6440,1.644043,57.274946,71.773976,-0.000000,0.043227,0.225253,0.363669,0.000000,0.002800,0.000000,-203.355241,-0.000065,-0.8220,-0.2425,-0.7258,-0.2200,0.0432,0.1126,-0.7273,0.0000,0.0093,0.0000,1.0000,0.0650,-0.2444,FLAT,0.0000|0.000000,29.8570,67905.50,30.3490,67626.60,-0.000033,0.000032
1771647300,2026-02-21 04:15:00,30.3150,67586.40,0.00044854,1.0000,0.0000,12.0,1.4675,1.467536,55.184905,61.285424,-0.000000,0.049671,0.224834,0.299506,0.000000,-0.437513,0.000000,-198.055050,-0.000065,-0.7338,-0.1728,-0.3762,-0.1457,0.0497,0.1124,-0.5990,0.0000,-1.0000,0.0000,1.0000,0.0650,-0.2606,FLAT,0.0000|0.000000,29.8575,67905.00,30.3150,67586.40,-0.000033,0.000032
1771647300,2026-02-21 04:15:00,30.3150,67586.40,0.00044854,1.1121,0.5028,12.0,1.4675,1.467536,55.184905,61.285424,-0.000000,0.049671,0.224834,0.299506,0.000000,-0.437513,0.000000,-198.293964,-0.000065,-0.7338,-0.1728,-0.3762,-0.1457,0.0497,0.1124,-0.5990,0.0000,-1.0000,0.0000,1.0000,0.0650,-0.2606,FLAT,0.0000|0.000000,29.8570,67905.50,30.3150,67586.40,-0.000033,0.000032
1771647600,2026-02-21 04:20:00,30.2960,67642.70,0.00044788,1.0000,0.0000,11.3,1.1106,1.110612,50.460917,37.578808,-0.000000,0.037528,0.215669,0.150903,0.000000,0.075022,0.000000,-183.515861,-0.000065,-0.5553,-0.0154,0.4140,-0.2134,0.0375,0.1078,-0.3018,0.0000,0.2501,0.0000,1.0000,0.0650,-0.0441,FLAT,0.0000|0.000000,29.8575,67905.00,30.2960,67642.70,-0.000033,0.000032
1771647600,2026-02-21 04:20:00,30.2960,67642.70,0.00044788,1.0906,0.4938,11.3,1.1106,1.110612,50.460917,37.578808,-0.000000,0.037528,0.215669,0.150903,0.000000,0.075022,0.000000,-183.754817,-0.000065,-0.5553,-0.0154,0.4140,-0.2134,0.0375,0.1078,-0.3018,0.0000,0.2501,0.0000,1.0000,0.0650,-0.0441,FLAT,0.0000|0.000000,29.8570,67905.50,30.2960,67642.70,-0.000033,0.000032
1771647900,2026-02-21 04:25:00,30.3120,67685.40,0.00044784,1.0000,0.0000,11.4,1.0682,1.068220,50.134785,35.942166,-0.000000,0.026890,0.206362,0.139233,0.000000,-0.187863,0.000000,-182.384837,-0.000065,-0.5341,-0.0045,0.4686,-0.2612,0.0269,0.1032,-0.2785,0.0000,-0.6262,0.0000,1.0000,0.0650,-0.1095,FLAT,0.0000|0.000000,29.8575,67905.00,30.3120,67685.40,-0.000033,0.000032
1771647900,2026-02-21 04:25:00,30.3120,67685.40,0.00044784,1.0785,0.4886,11.4,1.0682,1.068220,50.134785,35.942166,-0.000000,0.026890,0.206362,0.139233,0.000000,-0.187863,0.000000,-182.623660,-0.000065,-0.5341,-0.0045,0.4686,-0.2612,0.0269,0.1032,-0.2785,0.0000,-0.6262,0.0000,1.0000,0.0650,-0.1095,FLAT,0.0000|0.000000,29.8570,67905.50,30.3120,67685.40,-0.000033,0.000032
1771648200,2026-02-21 04:30:00,30.2980,67671.40,0.00044772,1.0000,0.0000,11.3,0.9915,0.991527,49.285923,31.682281,-0.000000,0.015883,0.196127,0.113004,0.000000,-0.360275,0.000000,-179.908887,-0.000065,-0.4958,0.0238,0.6106,-0.3051,0.0159,0.0981,-0.2260,0.0000,-1.0000,0.0000,1.0000,0.0650,-0.1214,FLAT,0.0000|0.000000,29.8575,67905.00,30.2980,67671.40,-0.000033,0.000032
1771648200,2026-02-21 04:30:00,30.2980,67671.40,0.00044772,1.0927,0.4936,11.3,0.9915,0.991527,49.285923,31.682281,-0.000000,0.015883,0.196127,0.113004,0.000000,-0.360275,0.000000,-180.147801,-0.000065,-0.4958,0.0238,0.6106,-0.3051,0.0159,0.0981,-0.2260,0.0000,-1.0000,0.0000,1.0000,0.0650,-0.1214,FLAT,0.0000|0.000000,29.8570,67905.50,30.2980,67671.40,-0.000033,0.000032
1771648500,2026-02-21 04:35:00,30.2940,67662.00,0.00044773,1.0000,0.0000,11.2,0.9739,0.973949,49.310866,31.807456,-0.000000,0.007663,0.186553,0.112656,0.000000,0.189860,0.000000,-180.001745,-0.000065,-0.4870,0.0230,0.6064,-0.3233,0.0077,0.0933,-0.2253,0.0000,0.6329,0.0000,1.0000,0.0650,0.0079,FLAT,0.0000|0.000000,29.8575,67905.00,30.2940,67662.00,-0.000033,0.000032
1771648500,2026-02-21 04:35:00,30.2940,67662.00,0.00044773,1.0812,0.4873,11.2,0.9739,0.973949,49.310866,31.807456,-0.000000,0.007663,0.186553,0.112656,0.000000,0.189860,0.000000,-180.240691,-0.000065,-0.4870,0.0230,0.6064,-0.3233,0.0077,0.0933,-0.2253,0.0000,0.6329,0.0000,1.0000,0.0650,0.0079,FLAT,0.0000|0.000000,29.8570,67905.50,30.2940,67662.00,-0.000033,0.000032
1771648800,2026-02-21 04:40:00,30.2580,67655.70,0.00044724,1.0000,0.0000,10.4,0.7111,0.711132,45.478781,12.804546,-0.000000,-0.010400,0.171510,0.002948,0.000000,-0.376296,0.000000,-169.210026,-0.000065,-0.3556,0.1507,1.0000,-0.4090,-0.0104,0.0858,-0.0059,0.0000,-1.0000,0.0000,1.0000,0.0650,-0.0537,FLAT,0.0000|0.000000,29.8575,67905.00,30.2580,67655.70,-0.000033,0.000032
1771648800,2026-02-21 04:40:00,30.2580,67655.70,0.00044724,1.0583,0.4768,10.4,0.7111,0.711132,45.478781,12.804546,-0.000000,-0.010400,0.171510,0.002948,0.000000,-0.376296,0.000000,-169.449175,-0.000065,-0.3556,0.1507,1.0000,-0.4090,-0.0104,0.0858,-0.0059,0.0000,-1.0000,0.0000,1.0000,0.0650,-0.0537,FLAT,0.0000|0.000000,29.8570,67905.50,30.2580,67655.70,-0.000033,0.000032
1771649100,2026-02-21 04:45:00,30.2680,67685.50,0.00044719,1.0000,0.0000,10.7,0.6720,0.672038,45.100399,14.877071,-0.000000,-0.024550,0.157157,-0.007998,0.000000,-0.171573,0.000000,-168.051177,-0.000065,-0.3360,0.1633,1.0000,-0.4553,-0.0245,0.0786,0.0160,0.0000,-0.5719,0.0000,1.0000,0.0650,-0.0191,FLAT,0.0000|0.000000,29.8575,67905.00,30.2680,67685.50,-0.000033,0.000032
1771649100,2026-02-21 04:45:00,30.2680,67685.50,0.00044719,1.0781,0.4807,10.7,0.6720,0.672038,45.100399,14.877071,-0.000000,-0.024550,0.157157,-0.007998,0.000000,-0.171573,0.000000,-168.290239,-0.000065,-0.3360,0.1633,1.0000,-0.4553,-0.0245,0.0786,0.0160,0.0000,-0.5719,0.0000,1.0000,0.0650,-0.0191,FLAT,0.0000|0.000000,29.8570,67905.50,30.2680,67685.50,-0.000033,0.000032
1771649400,2026-02-21 04:50:00,30.2740,67712.80,0.00044709,1.0000,0.0000,10.3,0.6112,0.611173,44.359179,9.694555,-0.000000,-0.036632,0.142938,-0.028360,0.000000,-0.331379,0.000000,-165.961388,-0.000065,-0.3056,0.1880,1.0000,-0.4808,-0.0366,0.0715,0.0567,0.0000,-1.0000,0.0000,1.0000,0.0650,-0.0463,FLAT,0.0000|0.000000,29.8575,67905.00,30.2740,67712.80,-0.000033,0.000032
1771649400,2026-02-21 04:50:00,30.2740,67712.80,0.00044709,1.0720,0.4795,10.3,0.6112,0.611173,44.359179,9.694555,-0.000000,-0.036632,0.142938,-0.028360,0.000000,-0.331379,0.000000,-166.200387,-0.000065,-0.3056,0.1880,1.0000,-0.4808,-0.0366,0.0715,0.0567,0.0000,-1.0000,0.0000,1.0000,0.0650,-0.0463,FLAT,0.0000|0.000000,29.8570,67905.50,30.2740,67712.80,-0.000033,0.000032
1771649700,2026-02-21 04:55:00,30.3150,67782.20,0.00044724,1.0000,0.0000,10.5,0.6711,0.671131,45.895711,20.437799,-0.000000,-0.041170,0.131830,0.004454,0.000000,-0.430953,0.000000,-169.032239,-0.000065,-0.3356,0.1368,0.9854,-0.4497,-0.0412,0.0659,-0.0089,0.0000,-1.0000,0.0000,1.0000,0.0650,-0.0595,FLAT,0.0000|0.000000,29.8575,67905.00,30.3150,67782.20,-0.000033,0.000032
1771649700,2026-02-21 04:55:00,30.3150,67782.20,0.00044724,1.0650,0.4715,10.5,0.6711,0.671131,45.895711,20.437799,-0.000000,-0.041170,0.131830,0.004454,0.000000,-0.430953,0.000000,-169.270940,-0.000065,-0.3356,0.1368,0.9854,-0.4497,-0.0412,0.0659,-0.0089,0.0000,-1.0000,0.0000,1.0000,0.0650,-0.0595,FLAT,0.0000|0.000000,29.8570,67905.50,30.3150,67782.20,-0.000033,0.000032
1771650000,2026-02-21 05:00:00,30.3360,67814.20,0.00044734,1.0000,0.0000,10.7,0.7068,0.706771,46.953339,20.085216,-0.000000,-0.041319,0.122875,0.026290,0.000000,-0.100942,0.000000,-171.122912,-0.000065,-0.3534,0.1016,0.9972,-0.3920,-0.0413,0.0614,-0.0526,0.0000,-0.3365,0.0000,1.0000,0.0650,-0.0095,FLAT,0.0000|0.000000,29.8575,67905.00,30.3360,67814.20,-0.000033,0.000032
1771650000,2026-02-21 05:00:00,30.3360,67814.20,0.00044734,1.0585,0.4690,10.7,0.7068,0.706771,46.953339,20.085216,-0.000000,-0.041319,0.122875,0.026290,0.000000,-0.100942,0.000000,-171.361464,-0.000065,-0.3534,0.1016,0.9972,-0.3920,-0.0413,0.0614,-0.0526,0.0000,-0.3365,0.0000,1.0000,0.0650,-0.0095,FLAT,0.0000|0.000000,29.8570,67905.50,30.3360,67814.20,-0.000033,0.000032
1771650300,2026-02-21 05:05:00,30.3030,67808.10,0.00044689,1.0000,0.0000,10.0,0.4659,0.465864,42.868467,0.000000,-0.000000,-0.051560,0.109110,-0.073089,0.000000,-0.632764,0.000000,-161.305475,-0.000065,-0.2329,0.2377,1.0000,-0.4139,-0.0516,0.0546,0.1462,0.0000,-1.0000,0.0000,1.0000,0.0650,-0.0169,FLAT,0.0000|0.000000,29.8575,67905.00,30.3030,67808.10,-0.000033,0.000032
1771650300,2026-02-21 05:05:00,30.3030,67808.10,0.00044689,1.0454,0.4643,10.0,0.4659,0.465864,42.868467,0.000000,-0.000000,-0.051560,0.109110,-0.073089,0.000000,-0.632764,0.000000,-161.544213,-0.000065,-0.2329,0.2377,1.0000,-0.4139,-0.0516,0.0546,0.1462,0.0000,-1.0000,0.0000,1.0000,0.0650,-0.0169,FLAT,0.0000|0.000000,29.8570,67905.50,30.3030,67808.10,-0.000033,0.000032
1771650600,2026-02-21 05:10:00,30.2680,67813.50,0.00044634,1.0000,0.0000,11.2,0.1784,0.178400,38.419962,0.000000,-0.000000,-0.071532,0.089888,-0.193163,0.000000,-0.706399,0.000000,-149.129434,-0.000065,-0.0892,0.3860,1.0000,-0.5017,-0.0715,0.0449,0.3863,0.0000,-1.0000,0.0000,1.0000,0.0650,0.0297,FLAT,0.0000|0.000000,29.8575,67905.00,30.2680,67813.40,-0.000033,0.000032
1771650600,2026-02-21 05:10:00,30.2680,67813.50,0.00044634,1.0602,0.4778,11.2,0.1784,0.178400,38.419962,0.000000,-0.000000,-0.071532,0.089888,-0.193163,0.000000,-0.706399,0.000000,-149.368356,-0.000065,-0.0892,0.3860,1.0000,-0.5017,-0.0715,0.0449,0.3863,0.0000,-1.0000,0.0000,1.0000,0.0650,0.0297,FLAT,0.0000|0.000000,29.8570,67905.50,30.2680,67813.40,-0.000033,0.000032
1771650900,2026-02-21 05:15:00,30.2610,67820.30,0.00044619,1.0000,0.0000,11.1,0.0975,0.097471,37.301950,0.000000,-0.000000,-0.088377,0.070920,-0.223927,0.000000,0.025320,0.000000,-145.828829,-0.000065,-0.0487,0.4233,1.0000,-0.6331,-0.0884,0.0355,0.4479,0.0000,0.0844,0.0000,1.0000,0.0650,0.1169,FLAT,0.0000|0.000000,29.8575,67905.00,30.2610,67820.30,-0.000033,0.000032
1771650900,2026-02-21 05:15:00,30.2610,67820.30,0.00044619,1.0690,0.4770,11.1,0.0975,0.097471,37.301950,0.000000,-0.000000,-0.088377,0.070920,-0.223927,0.000000,0.025320,0.000000,-146.067782,-0.000065,-0.0487,0.4233,1.0000,-0.6331,-0.0884,0.0355,0.4479,0.0000,0.0844,0.0000,1.0000,0.0650,0.1169,FLAT,0.0000|0.000000,29.8570,67905.50,30.2610,67820.30,-0.000033,0.000032
1771651200,2026-02-21 05:20:00,30.2130,67824.60,0.00044546,1.0000,0.0000,11.0,-0.2809,-0.280911,32.271512,0.000000,-0.000000,-0.117001,0.044976,-0.384402,0.000000,-0.271862,0.000000,-128.864466,-0.000065,0.1405,0.5909,1.0000,-0.9798,-0.1170,0.0225,0.7688,0.0000,-0.9062,0.0000,1.0000,0.0650,0.0737,FLAT,0.0000|0.000000,29.8575,67905.00,30.2110,67824.60,-0.000033,0.000032
1771651200,2026-02-21 05:20:00,30.2130,67824.60,0.00044546,1.0743,0.4709,11.0,-0.2809,-0.280911,32.271512,0.000000,-0.000000,-0.117001,0.044976,-0.384402,0.000000,-0.271862,0.000000,-129.103689,-0.000065,0.1405,0.5909,1.0000,-0.9798,-0.1170,0.0225,0.7688,0.0000,-0.9062,0.0000,1.0000,0.0650,0.0737,FLAT,0.0000|0.000000,29.8570,67905.50,30.2110,67824.60,-0.000033,0.000032
1771651500,2026-02-21 05:25:00,30.2060,67829.40,0.00044532,1.0000,0.0000,11.0,-0.3517,-0.351739,31.435811,0.000000,-0.000000,-0.139005,0.020415,-0.409901,0.000000,-0.203002,0.000000,-126.520038,-0.000065,0.1759,0.6188,1.0000,-1.0000,-0.1390,0.0102,0.8198,0.0000,-0.6767,0.0000,1.0000,0.0650,0.1006,FLAT,0.0000|0.000000,29.8575,67905.00,30.2060,67829.40,-0.000033,0.000032
1771651500,2026-02-21 05:25:00,30.2060,67829.40,0.00044532,1.0918,0.4694,11.0,-0.3517,-0.351739,31.435811,0.000000,-0.000000,-0.139005,0.020415,-0.409901,0.000000,-0.203002,0.000000,-126.759283,-0.000065,0.1759,0.6188,1.0000,-1.0000,-0.1390,0.0102,0.8198,0.0000,-0.6767,0.0000,1.0000,0.0650,0.1006,FLAT,0.0000|0.000000,29.8570,67905.50,30.2060,67829.40,-0.000033,0.000032
1771651800,2026-02-21 05:30:00,30.2660,67844.10,0.00044611,1.0000,0.0000,10.4,0.0440,0.044028,41.050206,51.416701,-0.000000,-0.133245,0.008544,-0.229656,0.000000,0.529991,0.000000,-143.620440,-0.000065,-0.0220,0.2983,-0.0472,-0.8142,-0.1332,0.0043,0.4593,0.0000,1.0000,0.0000,1.0000,0.0650,0.0897,FLAT,0.0000|0.000000,29.8575,67905.00,30.2650,67844.10,-0.000033,0.000032
1771651800,2026-02-21 05:30:00,30.2660,67844.10,0.00044611,1.0796,0.4624,10.4,0.0440,0.044028,41.050206,51.416701,-0.000000,-0.133245,0.008544,-0.229656,0.000000,0.529991,0.000000,-143.859346,-0.000065,-0.0220,0.2983,-0.0472,-0.8142,-0.1332,0.0043,0.4593,0.0000,1.0000,0.0000,1.0000,0.0650,0.0897,FLAT,0.0000|0.000000,29.8570,67905.50,30.2650,67844.10,-0.000033,0.000032
1771652100,2026-02-21 05:35:00,30.2810,67791.60,0.00044668,1.0000,0.0000,10.3,0.3247,0.324662,46.826261,86.100152,-0.000000,-0.112786,0.005107,-0.101371,0.000000,0.959068,0.000000,-156.584412,-0.000065,-0.1623,0.1058,-1.0000,-0.5161,-0.1128,0.0026,0.2027,0.0000,1.0000,0.0000,1.0000,0.0650,-0.0071,FLAT,0.0000|0.000000,29.8575,67905.00,30.2810,67791.60,-0.000033,0.000032
1771652100,2026-02-21 05:35:00,30.2810,67791.60,0.00044668,1.0634,0.4576,10.3,0.3247,0.324662,46.826261,86.100152,-0.000000,-0.112786,0.005107,-0.101371,0.000000,0.959068,0.000000,-156.823287,-0.000065,-0.1623,0.1058,-1.0000,-0.5161,-0.1128,0.0026,0.2027,0.0000,1.0000,0.0000,1.0000,0.0650,-0.0071,FLAT,0.0000|0.000000,29.8570,67905.50,30.2810,67791.60,-0.000033,0.000032
1771652400,2026-02-21 05:40:00,30.2620,67826.90,0.00044617,1.0000,0.0000,9.5,0.0461,0.046132,42.746646,63.277202,-0.000000,-0.108381,-0.004251,-0.214671,0.000000,0.178054,0.000000,-145.506609,-0.000065,-0.0231,0.2418,-0.4426,-0.4103,-0.1084,-0.0021,0.4293,0.0000,0.5935,0.0000,1.0000,0.0650,0.0647,FLAT,0.0000|0.000000,29.8575,67905.00,30.2630,67826.90,-0.000033,0.000032
1771652400,2026-02-21 05:40:00,30.2620,67826.90,0.00044617,1.0408,0.4521,9.5,0.0461,0.046132,42.746646,63.277202,-0.000000,-0.108381,-0.004251,-0.214671,0.000000,0.178054,0.000000,-145.745544,-0.000065,-0.0231,0.2418,-0.4426,-0.4103,-0.1084,-0.0021,0.4293,0.0000,0.5935,0.0000,1.0000,0.0650,0.0647,FLAT,0.0000|0.000000,29.8570,67905.50,30.2630,67826.90,-0.000033,0.000032
1771652700,2026-02-21 05:45:00,30.2220,67795.50,0.00044578,1.0000,0.0000,9.0,-0.1701,-0.170108,39.943784,54.828152,-0.000000,-0.112578,-0.017173,-0.299446,0.000000,-0.027514,0.000000,-136.759019,-0.000065,0.0851,0.3352,-0.1609,-0.3998,-0.1126,-0.0086,0.5989,0.0000,-0.0917,0.0000,1.0000,0.0650,0.0710,FLAT,0.0000|0.000000,29.8575,67905.00,30.2220,67795.50,-0.000033,0.000032
1771652700,2026-02-21 05:45:00,30.2220,67795.50,0.00044578,1.0569,0.4576,9.0,-0.1701,-0.170108,39.943784,54.828152,-0.000000,-0.112578,-0.017173,-0.299446,0.000000,-0.027514,0.000000,-136.998213,-0.000065,0.0851,0.3352,-0.1609,-0.3998,-0.1126,-0.0086,0.5989,0.0000,-0.0917,0.0000,1.0000,0.0650,0.0710,FLAT,0.0000|0.000000,29.8570,67905.50,30.2220,67795.50,-0.000033,0.000032
1771653000,2026-02-21 05:50:00,30.4040,67839.10,0.00044818,1.0000,0.0000,8.0,1.0796,1.079575,58.334323,100.000000,0.000000,-0.055034,0.001153,0.230501,0.000000,0.089519,0.000000,-189.460248,-0.000065,-0.5398,-0.2778,-1.0000,0.1902,-0.0550,0.0006,-0.4610,0.0000,0.2984,0.0000,1.0000,0.0650,-0.1407,FLAT,0.0000|0.000000,29.8575,67905.00,30.4040,67839.10,-0.000033,0.000032
1771653000,2026-02-21 05:50:00,30.4040,67839.10,0.00044818,1.1066,0.4573,8.0,1.0796,1.079575,58.334323,100.000000,0.000000,-0.055034,0.001153,0.230501,0.000000,0.089519,0.000000,-189.698404,-0.000065,-0.5398,-0.2778,-1.0000,0.1902,-0.0550,0.0006,-0.4610,0.0000,0.2984,0.0000,1.0000,0.0650,-0.1407,FLAT,0.0000|0.000000,29.8570,67905.50,30.4040,67839.10,-0.000033,0.000032
1771653300,2026-02-21 05:55:00,30.3730,67827.10,0.00044780,1.0000,0.0000,7.4,0.8634,0.863388,55.451627,89.283065,0.000000,-0.021425,0.012546,0.145254,0.000000,-0.179168,0.000000,-181.208194,-0.000065,-0.4317,-0.1817,-1.0000,0.4745,-0.0214,0.0063,-0.2905,0.0000,-0.5972,0.0000,1.0000,0.0650,-0.1397,FLAT,0.0000|0.000000,29.8575,67905.00,30.3730,67827.10,-0.000033,0.000032
1771653300,2026-02-21 05:55:00,30.3730,67827.10,0.00044780,1.1166,0.4570,7.4,0.8634,0.863388,55.451627,89.283065,0.000000,-0.021425,0.012546,0.145254,0.000000,-0.179168,0.000000,-181.446531,-0.000065,-0.4317,-0.1817,-1.0000,0.4745,-0.0214,0.0063,-0.2905,0.0000,-0.5972,0.0000,1.0000,0.0650,-0.1397,FLAT,0.0000|0.000000,29.8570,67905.50,30.3730,67827.10,-0.000033,0.000032
1771653600,2026-02-21 06:00:00,30.3310,67846.20,0.00044706,1.0000,0.0000,7.1,0.4413,0.441283,50.183742,69.698768,0.000000,-0.014786,0.013288,-0.020974,0.000000,-0.853915,0.000000,-164.777570,-0.000065,-0.2206,-0.0061,-0.6566,0.4666,-0.0148,0.0066,0.0419,0.0000,-1.0000,0.0000,1.0000,0.0650,-0.0686,FLAT,0.0000|0.000000,29.8575,67905.00,30.3310,67846.20,-0.000033,0.000032
1771653600,2026-02-21 06:00:00,30.3310,67846.20,0.00044706,1.1151,0.4537,7.1,0.4413,0.441283,50.183742,69.698768,0.000000,-0.014786,0.013288,-0.020974,0.000000,-0.853915,0.000000,-165.016114,-0.000065,-0.2206,-0.0061,-0.6566,0.4666,-0.0148,0.0066,0.0419,0.0000,-1.0000,0.0000,1.0000,0.0650,-0.0686,FLAT,0.0000|0.000000,29.8570,67905.50,30.3310,67846.20,-0.000033,0.000032
1771653900,2026-02-21 06:05:00,30.3100,67832.00,0.00044684,1.0000,0.0000,6.4,0.3032,0.303236,48.738262,64.324938,0.000000,-0.014961,0.011225,-0.068824,0.000000,0.447638,0.000000,-160.052545,-0.000065,-0.1516,0.0421,-0.4775,0.3966,-0.0150,0.0056,0.1376,0.0000,1.0000,0.0000,1.0000,0.0650,0.1212,FLAT,0.0000|0.000000,29.8575,67905.00,30.3100,67832.00,-0.000033,0.000032
1771653900,2026-02-21 06:05:00,30.3100,67832.00,0.00044684,1.1326,0.4593,6.4,0.3032,0.303236,48.738262,64.324938,0.000000,-0.014961,0.011225,-0.068824,0.000000,0.447638,0.000000,-160.291219,-0.000065,-0.1516,0.0421,-0.4775,0.3966,-0.0150,0.0056,0.1376,0.0000,1.0000,0.0000,1.0000,0.0650,0.1212,FLAT,0.0000|0.000000,29.8570,67905.50,30.3100,67832.00,-0.000033,0.000032
1771654200,2026-02-21 06:10:00,30.3100,67883.80,0.00044650,1.0000,0.0000,6.3,0.0881,0.088109,46.463161,55.866845,0.000000,-0.023141,0.005166,-0.144292,0.000000,-0.643862,0.000000,-152.413647,-0.000065,-0.0441,0.1179,-0.1956,0.2617,-0.0231,0.0026,0.2886,0.0000,-1.0000,0.0000,1.0000,0.0650,0.0048,FLAT,0.0000|0.000000,29.8575,67905.00,30.3100,67883.80,-0.000033,0.000032
1771654200,2026-02-21 06:10:00,30.3100,67883.80,0.00044650,1.1236,0.4577,6.3,0.0881,0.088109,46.463161,55.866845,0.000000,-0.023141,0.005166,-0.144292,0.000000,-0.643862,0.000000,-152.652264,-0.000065,-0.0441,0.1179,-0.1956,0.2617,-0.0231,0.0026,0.2886,0.0000,-1.0000,0.0000,1.0000,0.0650,0.0048,FLAT,0.0000|0.000000,29.8570,67905.50,30.3100,67883.80,-0.000033,0.000032
1771654500,2026-02-21 06:15:00,30.3070,67877.50,0.00044650,1.0000,0.0000,6.2,0.0667,0.066704,46.444290,55.796690,0.000000,-0.028738,-0.000189,-0.143810,0.000000,-0.063684,0.000000,-152.366987,-0.000065,-0.0334,0.1185,-0.1932,0.1704,-0.0287,-0.0001,0.2876,0.0000,-0.2123,0.0000,1.0000,0.0650,0.0604,FLAT,0.0000|0.000000,29.8575,67905.00,30.3070,67877.50,-0.000033,0.000032
1771654500,2026-02-21 06:15:00,30.3070,67877.50,0.00044650,1.1174,0.4552,6.2,0.0667,0.066704,46.444290,55.796690,0.000000,-0.028738,-0.000189,-0.143810,0.000000,-0.063684,0.000000,-152.605627,-0.000065,-0.0334,0.1185,-0.1932,0.1704,-0.0287,-0.0001,0.2876,0.0000,-0.2123,0.0000,1.0000,0.0650,0.0604,FLAT,0.0000|0.000000,29.8570,67905.50,30.3070,67877.50,-0.000033,0.000032
1771654800,2026-02-21 06:20:00,30.2910,67848.10,0.00044645,1.0000,0.0000,6.0,0.0208,0.020798,46.134238,54.644016,0.000000,-0.033321,-0.005405,-0.152048,0.000000,-0.013191,0.000000,-151.498196,-0.000065,-0.0104,0.1289,-0.1548,0.1017,-0.0333,-0.0027,0.3041,0.0000,-0.0440,0.0000,1.0000,0.0650,0.0758,FLAT,0.0000|0.000000,29.8575,67905.00,30.2910,67848.10,-0.000033,0.000032
1771654800,2026-02-21 06:20:00,30.2910,67848.10,0.00044645,1.1198,0.4552,6.0,0.0208,0.020798,46.134238,54.644016,0.000000,-0.033321,-0.005405,-0.152048,0.000000,-0.013191,0.000000,-151.736956,-0.000065,-0.0104,0.1289,-0.1548,0.1017,-0.0333,-0.0027,0.3041,0.0000,-0.0440,0.0000,1.0000,0.0650,0.0758,FLAT,0.0000|0.000000,29.8570,67905.50,30.2910,67848.10,-0.000033,0.000032
1771655100,2026-02-21 06:25:00,30.2540,67836.10,0.00044599,1.0000,0.0000,5.3,-0.2968,-0.296777,42.748769,42.057935,-0.000000,-0.047443,-0.015725,-0.254360,0.000000,0.258892,0.000000,-141.213884,-0.000065,0.1484,0.2417,0.2647,-0.0470,-0.0474,-0.0079,0.5087,0.0000,0.8630,0.0000,1.0000,0.0650,0.2166,FLAT,0.0000|0.000000,29.8575,67905.00,30.2540,67836.10,-0.000033,0.000032
1771655100,2026-02-21 06:25:00,30.2540,67836.10,0.00044599,1.1056,0.4503,5.3,-0.2968,-0.296777,42.748769,42.057935,-0.000000,-0.047443,-0.015725,-0.254360,0.000000,0.258892,0.000000,-141.452859,-0.000065,0.1484,0.2417,0.2647,-0.0470,-0.0474,-0.0079,0.5087,0.0000,0.8630,0.0000,1.0000,0.0650,0.2166,FLAT,0.0000|0.000000,29.8570,67905.50,30.2540,67836.10,-0.000033,0.000032
1771655400,2026-02-21 06:30:00,30.2660,67783.60,0.00044651,1.0000,0.0000,5.7,0.0141,0.014112,47.404344,59.365861,-0.000000,-0.044091,-0.018266,-0.134626,0.000000,0.912652,0.000000,-152.879870,-0.000065,-0.0071,0.0865,-0.3122,-0.0106,-0.0441,-0.0091,0.2693,0.0000,1.0000,0.0000,1.0000,0.0650,0.1307,FLAT,0.0000|0.000000,29.8575,67905.00,30.2660,67783.60,-0.000033,0.000032
1771655400,2026-02-21 06:30:00,30.2660,67783.60,0.00044651,1.1524,0.4674,5.7,0.0141,0.014112,47.404344,59.365861,-0.000000,-0.044091,-0.018266,-0.134626,0.000000,0.912652,0.000000,-153.118836,-0.000065,-0.0071,0.0865,-0.3122,-0.0106,-0.0441,-0.0091,0.2693,0.0000,1.0000,0.0000,1.0000,0.0650,0.1307,FLAT,0.0000|0.000000,29.8570,67905.50,30.2660,67783.60,-0.000033,0.000032
1771655700,2026-02-21 06:35:00,30.2970,67727.00,0.00044734,1.0000,0.0000,5.6,0.5329,0.532919,53.833835,75.528245,0.000000,-0.020558,-0.010170,0.050272,0.000000,0.419493,0.000000,-171.345853,-0.000065,-0.2665,-0.1278,-0.8509,0.2109,-0.0206,-0.0051,-0.1005,0.0000,1.0000,0.0000,1.0000,0.0650,0.0223,FLAT,0.0000|0.000000,29.8575,67905.00,30.2970,67727.00,-0.000033,0.000032
1771655700,2026-02-21 06:35:00,30.2970,67727.00,0.00044734,1.1185,0.4475,5.6,0.5329,0.532919,53.833835,75.528245,0.000000,-0.020558,-0.010170,0.050272,0.000000,0.419493,0.000000,-171.584711,-0.000065,-0.2665,-0.1278,-0.8509,0.2109,-0.0206,-0.0051,-0.1005,0.0000,1.0000,0.0000,1.0000,0.0650,0.0223,FLAT,0.0000|0.000000,29.8570,67905.50,30.2970,67727.00,-0.000033,0.000032
1771656000,2026-02-21 06:40:00,30.2750,67746.20,0.00044689,1.0000,0.0000,5.3,0.2207,0.220724,50.239626,55.984448,0.000000,-0.014098,-0.008617,-0.050566,0.000000,-0.066446,0.000000,-161.342989,-0.000065,-0.1104,-0.0080,-0.1995,0.2415,-0.0141,-0.0043,0.1011,0.0000,-0.2215,0.0000,1.0000,0.0650,0.0287,FLAT,0.0000|0.000000,29.8575,67905.00,30.2750,67746.20,-0.000033,0.000032
1771656000,2026-02-21 06:40:00,30.2750,67746.20,0.00044689,1.1426,0.4227,5.3,0.2207,0.220724,50.239626,55.984448,0.000000,-0.014098,-0.008617,-0.050566,0.000000,-0.066446,0.000000,-161.581947,-0.000065,-0.1104,-0.0080,-0.1995,0.2415,-0.0141,-0.0043,0.1011,0.0000,-0.2215,0.0000,1.0000,0.0650,0.0287,FLAT,0.0000|0.000000,29.8570,67905.50,30.2750,67746.20,-0.000033,0.000032
1771656300,2026-02-21 06:45:00,30.2170,67725.30,0.00044617,1.0000,0.0000,5.2,-0.2773,-0.277348,45.081699,27.937817,0.000000,-0.026689,-0.016105,-0.209877,0.000000,-0.381389,0.000000,-145.506422,-0.000065,0.1387,0.1639,0.7354,0.0888,-0.0267,-0.0081,0.4198,0.0000,-1.0000,0.0000,1.0000,0.0650,0.1013,FLAT,0.0000|0.000000,29.8575,67905.00,30.2170,67725.30,-0.000033,0.000032
1771656300,2026-02-21 06:45:00,30.2170,67725.30,0.00044617,1.1579,0.4250,5.2,-0.2773,-0.277348,45.081699,27.937817,0.000000,-0.026689,-0.016105,-0.209877,0.000000,-0.381389,0.000000,-145.745720,-0.000065,0.1387,0.1639,0.7354,0.0888,-0.0267,-0.0081,0.4198,0.0000,-1.0000,0.0000,1.0000,0.0650,0.1013,FLAT,0.0000|0.000000,29.8570,67905.50,30.2170,67725.30,-0.000033,0.000032
1771656600,2026-02-21 06:50:00,30.2250,67747.70,0.00044614,1.0000,0.0000,4.8,-0.3232,-0.323226,44.878414,26.832438,-0.000000,-0.036083,-0.022980,-0.215595,0.000000,0.071483,0.000000,-143.826005,-0.000065,0.1616,0.1707,0.7723,-0.0124,-0.0361,-0.0115,0.4312,0.0000,0.2383,0.0000,1.0000,0.0650,0.1978,FLAT,0.0000|0.000000,29.8575,67905.00,30.2220,67747.70,-0.000033,0.000032
1771656600,2026-02-21 06:50:00,30.2250,67747.70,0.00044614,1.1758,0.4293,4.8,-0.3232,-0.323226,44.878414,26.832438,-0.000000,-0.036083,-0.022980,-0.215595,0.000000,0.071483,0.000000,-144.065251,-0.000065,0.1616,0.1707,0.7723,-0.0124,-0.0361,-0.0115,0.4312,0.0000,0.2383,0.0000,1.0000,0.0650,0.1978,FLAT,0.0000|0.000000,29.8570,67905.50,30.2220,67747.70,-0.000033,0.000032
1771656900,2026-02-21 06:55:00,30.2320,67759.50,0.00044617,1.0000,0.0000,4.1,-0.3493,-0.349326,45.110351,15.152373,-0.000000,-0.041636,-0.028617,-0.209099,0.000000,-0.110140,0.000000,-145.348368,-0.000065,0.1747,0.1630,1.0000,-0.0635,-0.0416,-0.0143,0.4182,0.0000,-0.3671,0.0000,1.0000,0.0650,0.1607,FLAT,0.0000|0.000000,29.8575,67905.00,30.2320,67759.50,-0.000033,0.000032
1771656900,2026-02-21 06:55:00,30.2320,67759.50,0.00044617,1.2098,0.4440,4.1,-0.3493,-0.349326,45.110351,15.152373,-0.000000,-0.041636,-0.028617,-0.209099,0.000000,-0.110140,0.000000,-145.587546,-0.000065,0.1747,0.1630,1.0000,-0.0635,-0.0416,-0.0143,0.4182,0.0000,-0.3671,0.0000,1.0000,0.0650,0.1607,FLAT,0.0000|0.000000,29.8570,67905.50,30.2320,67759.50,-0.000033,0.000032
1771657200,2026-02-21 07:00:00,30.1720,67729.80,0.00044548,1.0000,0.0000,4.2,-0.8941,-0.894103,40.201288,0.000000,-0.000000,-0.061787,-0.041992,-0.359966,0.000000,-0.149834,0.000000,-130.103206,-0.000065,0.4471,0.3266,1.0000,-0.2448,-0.0618,-0.0210,0.7199,0.0000,-0.4994,0.0000,1.0000,0.0650,0.2188,FLAT,0.0000|0.000000,29.8575,67905.00,30.1720,67729.80,-0.000033,0.000032
1771657200,2026-02-21 07:00:00,30.1720,67729.80,0.00044548,1.2647,0.4598,4.2,-0.8941,-0.894103,40.201288,0.000000,-0.000000,-0.061787,-0.041992,-0.359966,0.000000,-0.149834,0.000000,-130.342746,-0.000065,0.4471,0.3266,1.0000,-0.2448,-0.0618,-0.0210,0.7199,0.0000,-0.4994,0.0000,1.0000,0.0650,0.2188,FLAT,0.0000|0.000000,29.8570,67905.50,30.1720,67729.80,-0.000033,0.000032
1771657500,2026-02-21 07:05:00,30.2300,67795.90,0.00044590,1.0000,0.0000,4.0,-0.6177,-0.617739,44.192223,29.275046,-0.000000,-0.065032,-0.048384,-0.264149,0.000000,0.062853,0.000000,-139.314384,-0.000065,0.3089,0.1936,0.6908,-0.2422,-0.0650,-0.0242,0.5283,0.0000,0.2095,0.0000,1.0000,0.0650,0.2020,FLAT,0.0000|0.000000,29.8575,67905.00,30.2300,67795.90,-0.000033,0.000032
1771657500,2026-02-21 07:05:00,30.2300,67795.90,0.00044590,1.2784,0.4650,4.0,-0.6177,-0.617739,44.192223,29.275046,-0.000000,-0.065032,-0.048384,-0.264149,0.000000,0.062853,0.000000,-139.553533,-0.000065,0.3089,0.1936,0.6908,-0.2422,-0.0650,-0.0242,0.5283,0.0000,0.2095,0.0000,1.0000,0.0650,0.2020,FLAT,0.0000|0.000000,29.8570,67905.50,30.2300,67795.90,-0.000033,0.000032
1771657800,2026-02-21 07:10:00,30.2830,67791.90,0.00044671,1.0000,0.0000,4.3,-0.0097,-0.009693,50.955625,78.887217,-0.000000,-0.046455,-0.043840,-0.082558,0.000000,-0.032860,0.000000,-157.191285,-0.000065,0.0048,-0.0319,-0.9629,-0.0350,-0.0465,-0.0219,0.1651,0.0000,-0.1095,0.0000,1.0000,0.0650,-0.0212,FLAT,0.0000|0.000000,29.8575,67905.00,30.2830,67791.90,-0.000033,0.000032
1771657800,2026-02-21 07:10:00,30.2830,67791.90,0.00044671,1.2407,0.4562,4.3,-0.0097,-0.009693,50.955625,78.887217,-0.000000,-0.046455,-0.043840,-0.082558,0.000000,-0.032860,0.000000,-157.430149,-0.000065,0.0048,-0.0319,-0.9629,-0.0350,-0.0465,-0.0219,0.1651,0.0000,-0.1095,0.0000,1.0000,0.0650,-0.0212,FLAT,0.0000|0.000000,29.8570,67905.50,30.2830,67791.90,-0.000033,0.000032
1771658100,2026-02-21 07:15:00,30.2390,67807.60,0.00044595,1.0000,0.0000,4.5,-0.6010,-0.600953,45.435118,38.392162,-0.000000,-0.050490,-0.049007,-0.248881,0.000000,-0.681012,0.000000,-140.525751,-0.000065,0.3005,0.1522,0.3869,-0.0690,-0.0505,-0.0245,0.4978,0.0000,-1.0000,0.0000,1.0000,0.0650,0.0953,FLAT,0.0000|0.000000,29.8575,67905.00,30.2390,67807.60,-0.000033,0.000032
1771658100,2026-02-21 07:15:00,30.2390,67807.60,0.00044595,1.1986,0.4450,4.5,-0.6010,-0.600953,45.435118,38.392162,-0.000000,-0.050490,-0.049007,-0.248881,0.000000,-0.681012,0.000000,-140.764838,-0.000065,0.3005,0.1522,0.3869,-0.0690,-0.0505,-0.0245,0.4978,0.0000,-1.0000,0.0000,1.0000,0.0650,0.0953,FLAT,0.0000|0.000000,29.8570,67905.50,30.2390,67807.60,-0.000033,0.000032
1771658400,2026-02-21 07:20:00,30.2210,67814.50,0.00044564,1.0000,0.0000,4.4,-0.8571,-0.857053,43.345814,23.066309,-0.000000,-0.060106,-0.057228,-0.316959,0.000000,-0.023930,0.000000,-133.625828,-0.000065,0.4285,0.2218,0.8978,-0.1508,-0.0601,-0.0286,0.6339,0.0000,-0.0798,0.0000,1.0000,0.0650,0.2362,FLAT,0.0000|0.000000,29.8575,67905.00,30.2210,67814.50,-0.000033,0.000032
1771658400,2026-02-21 07:20:00,30.2210,67814.50,0.00044564,1.2224,0.4541,4.4,-0.8571,-0.857053,43.345814,23.066309,-0.000000,-0.060106,-0.057228,-0.316959,0.000000,-0.023930,0.000000,-133.865007,-0.000065,0.4285,0.2218,0.8978,-0.1508,-0.0601,-0.0286,0.6339,0.0000,-0.0798,0.0000,1.0000,0.0650,0.2362,FLAT,0.0000|0.000000,29.8570,67905.50,30.2210,67814.50,-0.000033,0.000032
1771658700,2026-02-21 07:25:00,30.2300,67820.90,0.00044573,1.0000,0.0000,4.5,-0.7894,-0.789411,44.152442,28.983242,-0.000000,-0.063794,-0.063128,-0.295348,0.000000,-0.268480,0.000000,-135.637035,-0.000065,0.3947,0.1949,0.7006,-0.1656,-0.0638,-0.0316,0.5907,0.0000,-0.8949,0.0000,1.0000,0.0650,0.1433,FLAT,0.0000|0.000000,29.8575,67905.00,30.2300,67820.80,-0.000033,0.000032
1771658700,2026-02-21 07:25:00,30.2300,67820.90,0.00044573,1.2441,0.4606,4.5,-0.7894,-0.789411,44.152442,28.983242,-0.000000,-0.063794,-0.063128,-0.295348,0.000000,-0.268480,0.000000,-135.876158,-0.000065,0.3947,0.1949,0.7006,-0.1656,-0.0638,-0.0316,0.5907,0.0000,-0.8949,0.0000,1.0000,0.0650,0.1433,FLAT,0.0000|0.000000,29.8570,67905.50,30.2300,67820.80,-0.000033,0.000032
1771659000,2026-02-21 07:30:00,30.1890,67829.00,0.00044508,1.0000,0.0000,4.6,-1.3058,-1.305762,39.732371,0.000000,-0.000000,-0.081407,-0.076228,-0.440121,0.000000,-0.222689,0.000000,-121.012855,-0.000065,0.6529,0.3423,1.0000,-0.3093,-0.0814,-0.0381,0.8802,0.0000,-0.7423,0.0000,1.0000,0.0650,0.2441,FLAT,0.0000|0.000000,29.8575,67905.00,30.1890,67829.00,-0.000033,0.000032
1771659000,2026-02-21 07:30:00,30.1890,67829.00,0.00044508,1.2352,0.4545,4.6,-1.3058,-1.305762,39.732371,0.000000,-0.000000,-0.081407,-0.076228,-0.440121,0.000000,-0.222689,0.000000,-121.252193,-0.000065,0.6529,0.3423,1.0000,-0.3093,-0.0814,-0.0381,0.8802,0.0000,-0.7423,0.0000,1.0000,0.0650,0.2441,FLAT,0.0000|0.000000,29.8570,67905.50,30.1890,67829.00,-0.000033,0.000032
1771659300,2026-02-21 07:35:00,30.2070,67837.60,0.00044528,1.0000,0.0000,4.3,-1.1616,-1.161585,41.727954,14.151607,-0.000000,-0.087633,-0.084889,-0.386816,0.000000,-0.049017,0.000000,-125.651907,-0.000065,0.5808,0.2757,1.0000,-0.3264,-0.0876,-0.0424,0.7736,0.0000,-0.1634,0.0000,1.0000,0.0650,0.2608,FLAT,0.0000|0.000000,29.8575,67905.00,30.2070,67837.50,-0.000033,0.000032
1771659300,2026-02-21 07:35:00,30.2070,67837.60,0.00044528,1.2117,0.4494,4.3,-1.1616,-1.161585,41.727954,14.151607,-0.000000,-0.087633,-0.084889,-0.386816,0.000000,-0.049017,0.000000,-125.891137,-0.000065,0.5808,0.2757,1.0000,-0.3264,-0.0876,-0.0424,0.7736,0.0000,-0.1634,0.0000,1.0000,0.0650,0.2608,FLAT,0.0000|0.000000,29.8570,67905.50,30.2070,67837.50,-0.000033,0.000032
1771659600,2026-02-21 07:40:00,30.1130,67799.50,0.00044415,1.0000,0.0000,4.7,-2.0472,-2.047178,34.949904,0.000000,-0.000000,-0.118389,-0.106262,-0.620481,0.000000,0.234871,0.000000,-100.422435,-0.000065,1.0000,0.5017,1.0000,-0.5716,-0.1184,-0.0531,1.0000,0.0000,0.7829,0.0000,1.0000,0.0650,0.4267,LONG_HYPE_SHORT_BTC,0.0000|0.000000,29.8575,67905.00,30.1130,67799.40,-0.000033,0.000032
1771659600,2026-02-21 07:40:00,30.1130,67799.50,0.00044415,1.2487,0.4576,4.7,-2.0472,-2.047178,34.949904,0.000000,-0.000000,-0.118389,-0.106262,-0.620481,0.000000,0.234871,0.000000,-100.662223,-0.000065,1.0000,0.5017,1.0000,-0.5716,-0.1184,-0.0531,1.0000,0.0000,0.7829,0.0000,1.0000,0.0650,0.4267,LONG_HYPE_SHORT_BTC,0.0000|0.000000,29.8570,67905.50,30.1130,67799.40,-0.000033,0.000032
1771659900,2026-02-21 07:45:00,30.1220,67802.80,0.00044426,1.0000,0.0000,4.8,-1.9363,-1.936309,36.044060,6.836034,-0.000000,-0.135906,-0.123274,-0.593211,0.000000,-0.343959,0.000000,-102.882698,-0.000065,0.9682,0.4652,1.0000,-0.6590,-0.1359,-0.0616,1.0000,0.0000,-1.0000,0.0000,1.0000,0.0650,0.2642,FLAT,0.0000|0.000000,29.8575,67905.00,30.1220,67802.80,-0.000033,0.000032
1771659900,2026-02-21 07:45:00,30.1220,67802.80,0.00044426,1.2456,0.4561,4.8,-1.9363,-1.936309,36.044060,6.836034,-0.000000,-0.135906,-0.123274,-0.593211,0.000000,-0.343959,0.000000,-103.122433,-0.000065,0.9682,0.4652,1.0000,-0.6590,-0.1359,-0.0616,1.0000,0.0000,-1.0000,0.0000,1.0000,0.0650,0.2642,FLAT,0.0000|0.000000,29.8570,67905.50,30.1220,67802.80,-0.000033,0.000032
1771660200,2026-02-21 07:50:00,30.1120,67808.40,0.00044407,1.0000,0.0000,4.7,-2.0730,-2.073011,34.993522,0.272514,-0.000000,-0.150705,-0.140084,-0.629621,0.000000,0.385233,0.000000,-98.763823,-0.000065,1.0000,0.5002,1.0000,-0.7092,-0.1507,-0.0700,1.0000,0.0000,1.0000,0.0000,1.0000,0.0650,0.4268,LONG_HYPE_SHORT_BTC,0.0000|0.000000,29.8575,67905.00,30.1120,67808.40,-0.000033,0.000032
1771660200,2026-02-21 07:50:00,30.1120,67808.40,0.00044407,1.2331,0.4533,4.7,-2.0730,-2.073011,34.993522,0.272514,-0.000000,-0.150705,-0.140084,-0.629621,0.000000,0.385233,0.000000,-99.003607,-0.000065,1.0000,0.5002,1.0000,-0.7092,-0.1507,-0.0700,1.0000,0.0000,1.0000,0.0000,1.0000,0.0650,0.4268,LONG_HYPE_SHORT_BTC,0.0000|0.000000,29.8570,67905.50,30.1120,67808.40,-0.000033,0.000032
1771660500,2026-02-21 07:55:00,30.0870,67821.00,0.00044362,1.0000,0.0000,5.4,-2.3690,-2.369031,32.495089,0.000000,-0.000000,-0.169807,-0.159960,-0.718310,0.000000,-0.878575,0.000000,-88.664336,-0.000065,1.0000,0.5835,1.0000,-0.7932,-0.1698,-0.0800,1.0000,0.0000,-1.0000,0.0000,1.0000,0.0650,0.2630,FLAT,0.0000|0.000000,29.8575,67905.00,30.0870,67821.00,-0.000033,0.000032
1771660500,2026-02-21 07:55:00,30.0870,67821.00,0.00044362,1.2665,0.4614,5.4,-2.3690,-2.369031,32.495089,0.000000,-0.000000,-0.169807,-0.159960,-0.718310,0.000000,-0.878575,0.000000,-88.904244,-0.000065,1.0000,0.5835,1.0000,-0.7932,-0.1698,-0.0800,1.0000,0.0000,-1.0000,0.0000,1.0000,0.0650,0.2630,FLAT,0.0000|0.000000,29.8570,67905.50,30.0870,67821.00,-0.000033,0.000032
1771660800,2026-02-21 08:00:00,30.1370,67824.50,0.00044434,1.0000,0.0000,4.8,-1.8224,-1.822399,39.821602,39.687437,-0.000000,-0.163110,-0.168026,-0.552471,0.000000,0.639345,0.000000,-104.612007,-0.000065,0.9112,0.3393,0.3438,-0.6244,-0.1631,-0.0840,1.0000,0.0000,1.0000,0.0000,1.0000,0.0650,0.3570,LONG_HYPE_SHORT_BTC,0.0000|0.000000,29.8575,67905.00,30.1370,67824.50,-0.000033,0.000032
1771660800,2026-02-21 08:00:00,30.1370,67824.50,0.00044434,1.3121,0.4705,4.8,-1.8224,-1.822399,39.821602,39.687437,-0.000000,-0.163110,-0.168026,-0.552471,0.000000,0.639345,0.000000,-104.851636,-0.000065,0.9112,0.3393,0.3438,-0.6244,-0.1631,-0.0840,1.0000,0.0000,1.0000,0.0000,1.0000,0.0650,0.3570,LONG_HYPE_SHORT_BTC,0.0000|0.000000,29.8570,67905.50,30.1370,67824.50,-0.000033,0.000032
1771661100,2026-02-21 08:05:00,30.1290,67853.10,0.00044403,1.0000,0.0000,6.6,-1.9952,-1.995235,37.927566,29.427516,-0.000000,-0.162765,-0.178336,-0.618455,0.000000,-0.171606,0.000000,-97.141974,-0.000065,0.9976,0.4024,0.6857,-0.5387,-0.1628,-0.0892,1.0000,0.0000,-0.5720,0.0000,1.0000,0.0650,0.2859,FLAT,0.0000|0.000000,29.8575,67905.00,30.1290,67857.30,-0.000033,0.000032
1771661100,2026-02-21 08:05:00,30.1290,67853.10,0.00044403,1.3405,0.5032,6.6,-1.9952,-1.995235,37.927566,29.427516,-0.000000,-0.162765,-0.178336,-0.618455,0.000000,-0.171606,0.000000,-97.381611,-0.000065,0.9976,0.4024,0.6857,-0.5387,-0.1628,-0.0892,1.0000,0.0000,-0.5720,0.0000,1.0000,0.0650,0.2859,FLAT,0.0000|0.000000,29.8570,67905.50,30.1290,67857.30,-0.000033,0.000032
1771661400,2026-02-21 08:10:00,30.1180,67876.20,0.00044372,1.0000,0.0000,7.2,-2.1571,-2.157084,36.033568,19.167805,-0.000000,-0.167248,-0.190678,-0.686024,0.000000,-0.267717,0.000000,-90.736146,-0.000065,1.0000,0.4655,1.0000,-0.5104,-0.1672,-0.0953,1.0000,0.0000,-0.8924,0.0000,1.0000,0.0650,0.2899,FLAT,0.0000|0.000000,29.8575,67905.00,30.1180,67876.20,-0.000033,0.000032
1771661400,2026-02-21 08:10:00,30.1180,67876.20,0.00044372,1.3450,0.5008,7.2,-2.1571,-2.157084,36.033568,19.167805,-0.000000,-0.167248,-0.190678,-0.686024,0.000000,-0.267717,0.000000,-90.975823,-0.000065,1.0000,0.4655,1.0000,-0.5104,-0.1672,-0.0953,1.0000,0.0000,-0.8924,0.0000,1.0000,0.0650,0.2899,FLAT,0.0000|0.000000,29.8570,67905.50,30.1180,67876.20,-0.000033,0.000032
1771661700,2026-02-21 08:15:00,30.2170,67909.60,0.00044496,1.0000,0.0000,6.2,-1.2245,-1.224499,47.259923,79.980527,-0.000000,-0.137053,-0.185525,-0.401937,0.000000,0.074538,0.000000,-118.295393,-0.000065,0.6122,0.0913,-0.9994,-0.1614,-0.1371,-0.0928,0.8039,0.0000,0.2485,0.0000,1.0000,0.0650,0.1575,FLAT,0.0000|0.000000,29.8575,67905.00,30.2170,67909.60,-0.000033,0.000032
1771661700,2026-02-21 08:15:00,30.2170,67909.60,0.00044496,1.3803,0.5056,6.2,-1.2245,-1.224499,47.259923,79.980527,-0.000000,-0.137053,-0.185525,-0.401937,0.000000,0.077749,0.000000,-118.534490,-0.000065,0.6122,0.0913,-0.9994,-0.1614,-0.1371,-0.0928,0.8039,0.0000,0.2592,0.0000,1.0000,0.0650,0.1583,FLAT,0.0000|0.000000,29.8570,67905.50,30.2170,67909.60,-0.000033,0.000032
1771662000,2026-02-21 08:20:00,30.2510,67929.90,0.00044533,1.0000,0.0000,6.1,-0.9477,-0.947720,50.058684,100.000000,0.000000,-0.103584,-0.175851,-0.317396,0.000000,0.246150,0.000000,-127.717699,-0.000065,0.4739,-0.0020,-1.0000,0.1703,-0.1036,-0.0879,0.6348,0.0000,0.8205,0.0000,1.0000,0.0650,0.1923,FLAT,0.0000|0.000000,29.8575,67905.00,30.2550,67929.90,-0.000033,0.000032
1771662000,2026-02-21 08:20:00,30.2510,67929.90,0.00044533,1.3855,0.5085,6.1,-0.9477,-0.947720,50.058684,100.000000,0.000000,-0.103584,-0.175851,-0.317396,0.000000,0.236982,0.000000,-127.956566,-0.000065,0.4739,-0.0020,-1.0000,0.1703,-0.1036,-0.0879,0.6348,0.0000,0.7899,0.0000,1.0000,0.0650,0.1898,FLAT,0.0000|0.000000,29.8570,67905.50,30.2550,67929.90,-0.000033,0.000032
1771662300,2026-02-21 08:25:00,30.3320,67939.40,0.00044646,1.0000,0.0000,5.9,-0.1215,-0.121506,57.521961,100.000000,0.000000,-0.049656,-0.152795,-0.062670,0.000000,0.086987,0.000000,-151.372112,-0.000065,0.0608,-0.2507,-1.0000,0.6486,-0.0497,-0.0764,0.1253,0.0000,0.2900,0.0000,1.0000,0.0650,0.0644,FLAT,0.0000|0.000000,29.8575,67905.00,30.3320,67939.40,-0.000033,0.000032
1771662300,2026-02-21 08:25:00,30.3320,67939.40,0.00044646,1.4232,0.5192,5.9,-0.1215,-0.121506,57.521961,100.000000,0.000000,-0.049656,-0.152795,-0.062670,0.000000,0.086987,0.000000,-151.610549,-0.000065,0.0608,-0.2507,-1.0000,0.6486,-0.0497,-0.0764,0.1253,0.0000,0.2900,0.0000,1.0000,0.0650,0.0644,FLAT,0.0000|0.000000,29.8570,67905.50,30.3320,67939.40,-0.000033,0.000032
1771662600,2026-02-21 08:30:00,30.3280,67957.20,0.00044628,1.0000,0.0000,5.9,-0.2405,-0.240498,56.116878,94.385701,0.000000,-0.013858,-0.134270,-0.100539,0.000000,0.045322,0.000000,-147.455862,-0.000065,0.1202,-0.2039,-1.0000,0.8921,-0.0139,-0.0671,0.2011,0.0000,0.1511,0.0000,1.0000,0.0650,0.1019,FLAT,0.0000|0.000000,29.8575,67905.00,30.3280,67957.20,-0.000033,0.000032
1771662600,2026-02-21 08:30:00,30.3280,67957.20,0.00044628,1.4133,0.5163,5.9,-0.2405,-0.240498,56.116878,94.385701,0.000000,-0.013858,-0.134270,-0.100539,0.000000,0.045322,0.000000,-147.694302,-0.000065,0.1202,-0.2039,-1.0000,0.8921,-0.0139,-0.0671,0.2011,0.0000,0.1511,0.0000,1.0000,0.0650,0.1019,FLAT,0.0000|0.000000,29.8570,67905.50,30.3280,67957.20,-0.000033,0.000032
1771662900,2026-02-21 08:35:00,30.2860,67907.00,0.00044599,1.0000,0.0000,5.8,-0.4390,-0.439004,53.793958,85.103998,0.000000,0.005350,-0.121169,-0.164027,0.000000,-0.088103,0.000000,-141.189994,-0.000065,0.2195,-0.1265,-1.0000,0.9476,0.0054,-0.0606,0.3281,0.0000,-0.2937,0.0000,1.0000,0.0650,0.1087,FLAT,0.0000|0.000000,29.8575,67905.00,30.2860,67907.00,-0.000033,0.000032
1771662900,2026-02-21 08:35:00,30.2860,67907.00,0.00044599,1.4364,0.5222,5.8,-0.4390,-0.439004,53.793958,85.103998,0.000000,0.005350,-0.121169,-0.164027,0.000000,-0.088103,0.000000,-141.428717,-0.000065,0.2195,-0.1265,-1.0000,0.9476,0.0054,-0.0606,0.3281,0.0000,-0.2937,0.0000,1.0000,0.0650,0.1087,FLAT,0.0000|0.000000,29.8570,67905.50,30.2860,67907.00,-0.000033,0.000032
1771663200,2026-02-21 08:40:00,30.3240,67962.90,0.00044618,1.0000,0.0000,5.6,-0.2863,-0.286318,55.126910,90.430080,0.000000,0.023928,-0.106908,-0.119962,0.000000,-0.359721,0.000000,-145.319190,-0.000065,0.1432,-0.1709,-1.0000,0.9909,0.0239,-0.0535,0.2399,0.0000,-1.0000,0.0000,1.0000,0.0650,0.0333,FLAT,0.0000|0.000000,29.8575,67905.00,30.3240,67962.90,-0.000033,0.000032
1771663200,2026-02-21 08:40:00,30.3240,67962.90,0.00044618,1.4380,0.5264,5.6,-0.2863,-0.286318,55.126910,90.430080,0.000000,0.023928,-0.106908,-0.119962,0.000000,-0.359721,0.000000,-145.557645,-0.000065,0.1432,-0.1709,-1.0000,0.9909,0.0239,-0.0535,0.2399,0.0000,-1.0000,0.0000,1.0000,0.0650,0.0333,FLAT,0.0000|0.000000,29.8570,67905.50,30.3240,67962.90,-0.000033,0.000032
1771663500,2026-02-21 08:45:00,30.2580,67958.70,0.00044524,1.0000,0.0000,6.0,-0.9610,-0.961001,47.834670,61.292441,0.000000,0.013896,-0.105744,-0.328800,0.000000,-0.180828,0.000000,-124.459831,-0.000065,0.4805,0.0722,-0.3764,0.7607,0.0139,-0.0529,0.6576,0.0000,-0.6028,0.0000,1.0000,0.0650,0.2011,FLAT,0.0000|0.000000,29.8575,67905.00,30.2580,67958.70,-0.000033,0.000032
1771663500,2026-02-21 08:45:00,30.2580,67958.70,0.00044524,1.4257,0.5204,6.0,-0.9610,-0.961001,47.834670,61.292441,0.000000,0.013896,-0.105744,-0.328800,0.000000,-0.180828,0.000000,-124.698651,-0.000065,0.4805,0.0722,-0.3764,0.7607,0.0139,-0.0529,0.6576,0.0000,-0.6028,0.0000,1.0000,0.0650,0.2011,FLAT,0.0000|0.000000,29.8570,67905.50,30.2580,67958.70,-0.000033,0.000032
1771663800,2026-02-21 08:50:00,30.3020,67985.70,0.00044571,1.0000,0.0000,5.9,-0.6061,-0.606056,51.293432,75.112634,0.000000,0.017866,-0.098556,-0.222425,0.000000,-0.190584,0.000000,-134.819844,-0.000065,0.3030,-0.0431,-0.8371,0.6946,0.0179,-0.0493,0.4449,0.0000,-0.6353,0.0000,1.0000,0.0650,0.1006,FLAT,0.0000|0.000000,29.8575,67905.00,30.3020,67985.70,-0.000033,0.000032
1771663800,2026-02-21 08:50:00,30.3020,67985.70,0.00044571,1.4308,0.5210,5.9,-0.6061,-0.606056,51.293432,75.112634,0.000000,0.017866,-0.098556,-0.222425,0.000000,-0.190584,0.000000,-135.058395,-0.000065,0.3030,-0.0431,-0.8371,0.6946,0.0179,-0.0493,0.4449,0.0000,-0.6353,0.0000,1.0000,0.0650,0.1006,FLAT,0.0000|0.000000,29.8570,67905.50,30.3020,67985.70,-0.000033,0.000032
1771664100,2026-02-21 08:55:00,30.2790,68016.90,0.00044517,1.0000,0.0000,6.2,-0.9950,-0.995019,47.389954,59.515488,0.000000,0.007141,-0.098655,-0.341525,0.000000,-0.590466,0.000000,-122.768274,-0.000065,0.4975,0.0870,-0.3172,0.5003,0.0071,-0.0493,0.6831,0.0000,-1.0000,0.0000,1.0000,0.0650,0.1535,FLAT,0.0000|0.000000,29.8575,67905.00,30.2790,68016.80,-0.000033,0.000032
1771664100,2026-02-21 08:55:00,30.2790,68016.90,0.00044517,1.4294,0.5274,6.2,-0.9950,-0.995019,47.389954,59.515488,0.000000,0.007141,-0.098655,-0.341525,0.000000,-0.590466,0.000000,-123.006917,-0.000065,0.4975,0.0870,-0.3172,0.5003,0.0071,-0.0493,0.6831,0.0000,-1.0000,0.0000,1.0000,0.0650,0.1535,FLAT,0.0000|0.000000,29.8570,67905.50,30.2790,68016.80,-0.000033,0.000032
1771664400,2026-02-21 09:00:00,30.3000,67997.40,0.00044561,1.0000,0.0000,5.8,-0.6879,-0.687926,50.643941,72.517461,0.000000,0.009901,-0.093016,-0.241197,0.000000,0.418447,0.000000,-132.465536,-0.000065,0.3440,-0.0215,-0.7506,0.4599,0.0099,-0.0465,0.4824,0.0000,1.0000,0.0000,1.0000,0.0650,0.2260,FLAT,0.0000|0.000000,29.8575,67905.00,30.3000,67997.30,-0.000033,0.000032
1771664400,2026-02-21 09:00:00,30.3000,67997.40,0.00044561,1.3733,0.5112,5.8,-0.6879,-0.687926,50.643941,72.517461,0.000000,0.009901,-0.093016,-0.241197,0.000000,0.418447,0.000000,-132.704084,-0.000065,0.3440,-0.0215,-0.7506,0.4599,0.0099,-0.0465,0.4824,0.0000,1.0000,0.0000,1.0000,0.0650,0.2260,FLAT,0.0000|0.000000,29.8570,67905.50,30.3000,67997.30,-0.000033,0.000032
1771664700,2026-02-21 09:05:00,30.3050,67938.70,0.00044606,1.0000,0.0000,5.7,-0.3636,-0.363642,53.872074,83.014611,0.000000,0.022956,-0.082091,-0.138016,0.000000,0.284681,0.000000,-142.705048,-0.000065,0.1818,-0.1291,-1.0000,0.5219,0.0230,-0.0410,0.2760,0.0000,0.9489,0.0000,1.0000,0.0650,0.1565,FLAT,0.0000|0.000000,29.8575,67905.00,30.3050,67938.70,-0.000033,0.000032
1771664700,2026-02-21 09:05:00,30.3050,67938.70,0.00044606,1.3430,0.5047,5.7,-0.3636,-0.363642,53.872074,83.014611,0.000000,0.022956,-0.082091,-0.138016,0.000000,0.284681,0.000000,-142.943633,-0.000065,0.1818,-0.1291,-1.0000,0.5219,0.0230,-0.0410,0.2760,0.0000,0.9489,0.0000,1.0000,0.0650,0.1565,FLAT,0.0000|0.000000,29.8570,67905.50,30.3050,67938.70,-0.000033,0.000032
1771665000,2026-02-21 09:10:00,30.2970,67960.00,0.00044581,1.0000,0.0000,5.7,-0.5649,-0.564868,51.822386,73.476030,0.000000,0.025727,-0.075438,-0.194999,0.000000,0.046719,0.000000,-136.970872,-0.000065,0.2824,-0.0607,-0.7825,0.4792,0.0257,-0.0377,0.3900,0.0000,0.1557,0.0000,1.0000,0.0650,0.1380,FLAT,0.0000|0.000000,29.8575,67905.00,30.2970,67960.00,-0.000033,0.000032
1771665000,2026-02-21 09:10:00,30.2970,67960.00,0.00044581,1.3376,0.5031,5.7,-0.5649,-0.564868,51.822386,73.476030,0.000000,0.025727,-0.075438,-0.194999,0.000000,0.046719,0.000000,-137.209477,-0.000065,0.2824,-0.0607,-0.7825,0.4792,0.0257,-0.0377,0.3900,0.0000,0.1557,0.0000,1.0000,0.0650,0.1380,FLAT,0.0000|0.000000,29.8570,67905.50,30.2970,67960.00,-0.000033,0.000032
1771665300,2026-02-21 09:15:00,30.3900,68083.20,0.00044637,1.0000,0.0000,5.6,-0.1581,-0.158144,55.759135,91.796379,0.000000,0.040962,-0.062435,-0.067274,0.000000,0.281247,0.000000,-149.048255,-0.000065,0.0791,-0.1920,-1.0000,0.5597,0.0410,-0.0312,0.1345,0.0000,0.9375,0.0000,1.0000,0.0650,0.1258,FLAT,0.0000|0.000000,29.8575,67905.00,30.3900,68083.20,-0.000033,0.000032
1771665300,2026-02-21 09:15:00,30.3900,68083.20,0.00044637,1.3794,0.5282,5.6,-0.1581,-0.158144,55.759135,91.796379,0.000000,0.040962,-0.062435,-0.067274,0.000000,0.281247,0.000000,-149.286222,-0.000065,0.0791,-0.1920,-1.0000,0.5597,0.0410,-0.0312,0.1345,0.0000,0.9375,0.0000,1.0000,0.0650,0.1258,FLAT,0.0000|0.000000,29.8570,67905.50,30.3900,68083.20,-0.000033,0.000032
1771665600,2026-02-21 09:20:00,30.4360,68242.70,0.00044600,1.0000,0.0000,5.4,-0.4496,-0.449562,52.697777,52.989997,0.000000,0.042259,-0.055400,-0.147954,0.000000,-0.211814,0.000000,-140.585822,-0.000065,0.2248,-0.0899,-0.0997,0.4986,0.0423,-0.0277,0.2959,0.0000,-0.7060,0.0000,1.0000,0.0650,0.1001,FLAT,0.0000|0.000000,29.8575,67905.00,30.4360,68242.70,-0.000033,0.000032
1771665600,2026-02-21 09:20:00,30.4360,68242.70,0.00044600,1.3173,0.5315,5.4,-0.4496,-0.449562,52.697777,52.989997,0.000000,0.042259,-0.055400,-0.147954,0.000000,-0.211814,0.000000,-140.823369,-0.000065,0.2248,-0.0899,-0.0997,0.4986,0.0423,-0.0277,0.2959,0.0000,-0.7060,0.0000,1.0000,0.0650,0.1001,FLAT,0.0000|0.000000,29.8570,67905.50,30.4360,68242.70,-0.000033,0.000032
1771665900,2026-02-21 09:25:00,30.5050,68198.30,0.00044730,1.0000,0.0000,5.0,0.5191,0.519118,60.859719,100.000000,0.000000,0.074286,-0.032934,0.138163,0.000000,0.746410,0.000000,-169.253348,-0.000065,-0.2596,-0.3620,-1.0000,0.7349,0.0743,-0.0165,-0.2763,0.0000,1.0000,0.0000,1.0000,0.0650,0.0416,FLAT,0.0000|0.000000,29.8575,67905.00,30.5050,68198.30,-0.000033,0.000032
1771665900,2026-02-21 09:25:00,30.5050,68198.30,0.00044730,1.2781,0.5136,5.0,0.5191,0.519118,60.859719,100.000000,0.000000,0.074286,-0.032934,0.138163,0.000000,0.746410,0.000000,-169.490571,-0.000065,-0.2596,-0.3620,-1.0000,0.7349,0.0743,-0.0165,-0.2763,0.0000,1.0000,0.0000,1.0000,0.0650,0.0416,FLAT,0.0000|0.000000,29.8570,67905.50,30.5050,68198.30,-0.000033,0.000032
1771666200,2026-02-21 09:30:00,30.4270,68175.90,0.00044630,1.0000,0.0000,5.0,-0.2580,-0.258038,53.278305,43.715321,0.000000,0.071830,-0.025477,-0.083375,0.000000,-0.657206,0.000000,-147.433841,-0.000065,0.1290,-0.1093,0.2095,0.6150,0.0718,-0.0127,0.1667,0.0000,-1.0000,0.0000,1.0000,0.0650,0.0833,FLAT,0.0000|0.000000,29.8575,67905.00,30.4270,68175.90,-0.000033,0.000032
1771666200,2026-02-21 09:30:00,30.4270,68175.90,0.00044630,1.2877,0.5144,5.0,-0.2580,-0.258038,53.278305,43.715321,0.000000,0.071830,-0.025477,-0.083375,0.000000,-0.657206,0.000000,-147.671509,-0.000065,0.1290,-0.1093,0.2095,0.6150,0.0718,-0.0127,0.1667,0.0000,-1.0000,0.0000,1.0000,0.0650,0.0833,FLAT,0.0000|0.000000,29.8570,67905.50,30.4270,68175.90,-0.000033,0.000032
1771666500,2026-02-21 09:35:00,30.4500,68195.00,0.00044651,1.0000,0.0000,5.5,-0.0949,-0.094884,54.575563,53.346208,0.000000,0.073927,-0.016238,-0.035344,0.000000,-0.252717,0.000000,-152.070770,-0.000065,0.0474,-0.1525,-0.1115,0.5599,0.0739,-0.0081,0.0707,0.0000,-0.8424,0.0000,1.0000,0.0650,0.0418,FLAT,0.0000|0.000000,29.8575,67905.00,30.4500,68194.90,-0.000033,0.000032
1771666500,2026-02-21 09:35:00,30.4500,68195.00,0.00044651,1.3586,0.5426,5.5,-0.0949,-0.094884,54.575563,53.346208,0.000000,0.073927,-0.016238,-0.035344,0.000000,-0.252717,0.000000,-152.308293,-0.000065,0.0474,-0.1525,-0.1115,0.5599,0.0739,-0.0081,0.0707,0.0000,-0.8424,0.0000,1.0000,0.0650,0.0418,FLAT,0.0000|0.000000,29.8570,67905.50,30.4500,68194.90,-0.000033,0.000032
1771666800,2026-02-21 09:40:00,30.4270,68160.90,0.00044640,1.0000,0.0000,5.4,-0.1935,-0.193546,53.712612,46.939631,0.000000,0.071317,-0.009492,-0.060620,0.000000,0.031040,0.000000,-149.625772,-0.000065,0.0968,-0.1238,0.1020,0.4630,0.0713,-0.0047,0.1212,0.0000,0.1035,0.0000,1.0000,0.0650,0.1384,FLAT,0.0000|0.000000,29.8575,67905.00,30.4270,68160.90,-0.000033,0.000032
1771666800,2026-02-21 09:40:00,30.4270,68160.90,0.00044640,1.3512,0.5483,5.4,-0.1935,-0.193546,53.712612,46.939631,0.000000,0.071317,-0.009492,-0.060620,0.000000,0.031040,0.000000,-149.863456,-0.000065,0.0968,-0.1238,0.1020,0.4630,0.0713,-0.0047,0.1212,0.0000,0.1035,0.0000,1.0000,0.0650,0.1384,FLAT,0.0000|0.000000,29.8570,67905.50,30.4270,68160.90,-0.000033,0.000032
1771667100,2026-02-21 09:45:00,30.4130,68166.40,0.00044616,1.0000,0.0000,5.3,-0.3908,-0.390805,51.844075,33.067549,0.000000,0.062220,-0.006533,-0.114169,0.000000,0.034210,0.000000,-144.290203,-0.000065,0.1954,-0.0615,0.5644,0.3180,0.0622,-0.0033,0.2283,0.0000,0.1140,0.0000,1.0000,0.0650,0.1886,FLAT,0.0000|0.000000,29.8575,67905.00,30.4130,68166.50,-0.000033,0.000032
1771667100,2026-02-21 09:45:00,30.4130,68166.40,0.00044616,1.3515,0.5478,5.3,-0.3908,-0.390805,51.844075,33.067549,0.000000,0.062220,-0.006533,-0.114169,0.000000,0.034210,0.000000,-144.527957,-0.000065,0.1954,-0.0615,0.5644,0.3180,0.0622,-0.0033,0.2283,0.0000,0.1140,0.0000,1.0000,0.0650,0.1886,FLAT,0.0000|0.000000,29.8570,67905.50,30.4130,68166.50,-0.000033,0.000032
1771667400,2026-02-21 09:50:00,30.4010,68117.60,0.00044630,1.0000,0.0000,5.3,-0.2879,-0.287909,52.892919,40.854202,0.000000,0.057981,-0.002151,-0.081595,0.000000,-0.221470,0.000000,-147.141897,-0.000065,0.1440,-0.0964,0.3049,0.2391,0.0580,-0.0011,0.1632,0.0000,-0.7382,0.0000,1.0000,0.0650,0.0765,FLAT,0.0000|0.000000,29.8575,67905.00,30.4010,68120.50,-0.000033,0.000032
1771667400,2026-02-21 09:50:00,30.4010,68117.60,0.00044630,1.3422,0.5465,5.3,-0.2879,-0.287909,52.892919,40.854202,0.000000,0.057981,-0.002151,-0.081595,0.000000,-0.221470,0.000000,-147.379764,-0.000065,0.1440,-0.0964,0.3049,0.2391,0.0580,-0.0011,0.1632,0.0000,-0.7382,0.0000,1.0000,0.0650,0.0765,FLAT,0.0000|0.000000,29.8570,67905.50,30.4010,68120.50,-0.000033,0.000032
1771667700,2026-02-21 09:55:00,30.3500,68115.80,0.00044556,1.0000,0.0000,5.4,-0.8673,-0.867312,47.205467,0.000000,0.000000,0.035824,-0.007423,-0.245607,0.000000,0.033869,0.000000,-132.365403,-0.000065,0.4337,0.0932,1.0000,0.0008,0.0358,-0.0037,0.4912,0.0000,0.1129,0.0000,1.0000,0.0650,0.2636,FLAT,0.0000|0.000000,29.8575,67905.00,30.3500,68108.70,-0.000033,0.000032
1771667700,2026-02-21 09:55:00,30.3500,68115.80,0.00044556,1.3429,0.5333,5.4,-0.8673,-0.867312,47.205467,0.000000,0.000000,0.035824,-0.007423,-0.245607,0.000000,0.033869,0.000000,-132.603559,-0.000065,0.4337,0.0932,1.0000,0.0008,0.0358,-0.0037,0.4912,0.0000,0.1129,0.0000,1.0000,0.0650,0.2636,FLAT,0.0000|0.000000,29.8570,67905.50,30.3500,68108.70,-0.000033,0.000032
1771668000,2026-02-21 10:00:00,30.3710,68193.40,0.00044537,1.3360,0.5386,5.7,-1.0113,-1.011312,45.773555,0.000000,-0.000000,0.014187,-0.014479,-0.288640,0.000000,-0.113092,0.000000,-127.022232,-0.000065,0.5057,0.1409,1.0000,-0.2001,0.0142,-0.0072,0.5773,0.0000,-0.3770,0.0000,1.0000,0.0650,0.2267,FLAT,0.0000|0.000000,29.8570,67905.50,30.3710,68193.40,-0.000033,0.000032
1771668000,2026-02-21 10:00:00,30.3710,68193.40,0.00044537,1.0000,0.0000,5.7,-1.0113,-1.011312,45.773555,0.000000,-0.000000,0.014187,-0.014479,-0.288640,0.000000,-0.113092,0.000000,-126.784280,-0.000065,0.5057,0.1409,1.0000,-0.2001,0.0142,-0.0072,0.5773,0.0000,-0.3770,0.0000,1.0000,0.0650,0.2267,FLAT,0.0000|0.000000,29.8575,67905.00,30.3710,68193.40,-0.000033,0.000032
1771668300,2026-02-21 10:05:00,30.3220,68177.20,0.00044475,1.3142,0.5440,6.2,-1.4579,-1.457895,41.590784,0.000000,-0.000000,-0.016808,-0.028209,-0.419437,0.000000,-0.568994,0.000000,-113.501968,-0.000065,0.7289,0.2803,1.0000,-0.4625,-0.0168,-0.0141,0.8389,0.0000,-1.0000,0.0000,1.0000,0.0650,0.2219,FLAT,0.0000|0.000000,29.8570,67905.50,30.3220,68177.20,-0.000033,0.000032
1771668300,2026-02-21 10:05:00,30.3220,68177.20,0.00044475,1.0000,0.0000,6.2,-1.4579,-1.457895,41.590784,0.000000,-0.000000,-0.016808,-0.028209,-0.419437,0.000000,-0.568994,0.000000,-113.263733,-0.000065,0.7289,0.2803,1.0000,-0.4625,-0.0168,-0.0141,0.8389,0.0000,-1.0000,0.0000,1.0000,0.0650,0.2219,FLAT,0.0000|0.000000,29.8575,67905.00,30.3220,68177.20,-0.000033,0.000032
1771668600,2026-02-21 10:10:00,30.3000,68150.10,0.00044461,1.2794,0.5441,7.1,-1.5383,-1.538339,40.638377,0.000000,-0.000000,-0.042630,-0.041963,-0.450278,0.000000,0.305912,0.000000,-110.313257,-0.000065,0.7692,0.3121,1.0000,-0.6403,-0.0426,-0.0210,0.9006,0.0000,1.0000,0.0000,1.0000,0.0650,0.3766,LONG_HYPE_SHORT_BTC,0.0000|0.000000,29.8570,67905.50,30.3000,68150.10,-0.000033,0.000032
1771668600,2026-02-21 10:10:00,30.3000,68150.10,0.00044461,1.0000,0.0000,7.1,-1.5383,-1.538339,40.638377,0.000000,-0.000000,-0.042630,-0.041963,-0.450278,0.000000,0.305912,0.000000,-110.074873,-0.000065,0.7692,0.3121,1.0000,-0.6403,-0.0426,-0.0210,0.9006,0.0000,1.0000,0.0000,1.0000,0.0650,0.3766,LONG_HYPE_SHORT_BTC,0.0000|0.000000,29.8575,67905.00,30.3000,68150.10,-0.000033,0.000032
1771668900,2026-02-21 10:15:00,30.3200,68120.40,0.00044509,1.2717,0.5411,6.9,-1.1432,-1.143155,45.155223,22.337023,-0.000000,-0.048705,-0.047847,-0.339974,0.000000,0.694505,0.000000,-121.215936,-0.000065,0.5716,0.1615,0.9221,-0.6074,-0.0487,-0.0239,0.6799,0.0000,1.0000,0.0000,1.0000,0.0650,0.3068,LONG_HYPE_SHORT_BTC,0.0000|0.000000,29.8570,67905.50,30.3200,68120.00,-0.000033,0.000032
1771668900,2026-02-21 10:15:00,30.3200,68120.40,0.00044509,1.0000,0.0000,6.9,-1.1432,-1.143155,45.155223,22.337023,-0.000000,-0.048705,-0.047847,-0.339974,0.000000,0.694505,0.000000,-120.977628,-0.000065,0.5716,0.1615,0.9221,-0.6074,-0.0487,-0.0239,0.6799,0.0000,1.0000,0.0000,1.0000,0.0650,0.3068,LONG_HYPE_SHORT_BTC,0.0000|0.000000,29.8575,67905.00,30.3200,68120.00,-0.000033,0.000032
1771669200,2026-02-21 10:20:00,30.3620,68164.40,0.00044542,1.2831,0.5457,6.7,-0.8771,-0.877092,48.028347,36.545398,-0.000000,-0.044187,-0.048777,-0.265485,0.000000,0.350597,0.000000,-128.344626,-0.000065,0.4385,0.0657,0.4485,-0.4796,-0.0442,-0.0244,0.5310,0.0000,1.0000,0.0000,1.0000,0.0650,0.2421,FLAT,0.0000|0.000000,29.8570,67905.50,30.3620,68164.40,-0.000033,0.000032
1771669200,2026-02-21 10:20:00,30.3620,68164.40,0.00044542,1.0000,0.0000,6.7,-0.8771,-0.877092,48.028347,36.545398,-0.000000,-0.044187,-0.048777,-0.265485,0.000000,0.350597,0.000000,-128.106594,-0.000065,0.4385,0.0657,0.4485,-0.4796,-0.0442,-0.0244,0.5310,0.0000,1.0000,0.0000,1.0000,0.0650,0.2421,FLAT,0.0000|0.000000,29.8575,67905.00,30.3620,68164.40,-0.000033,0.000032
1771669500,2026-02-21 10:25:00,30.3550,68162.50,0.00044533,1.2971,0.5464,6.8,-0.9309,-0.930900,47.295827,32.922889,-0.000000,-0.042308,-0.050551,-0.285041,0.000000,0.283041,0.000000,-126.354623,-0.000065,0.4654,0.0901,0.5692,-0.3951,-0.0423,-0.0253,0.5701,0.0000,0.9435,0.0000,1.0000,0.0650,0.2646,FLAT,0.0000|0.000000,29.8570,67905.50,30.3550,68162.50,-0.000033,0.000032
1771669500,2026-02-21 10:25:00,30.3550,68162.50,0.00044533,1.0000,0.0000,6.8,-0.9309,-0.930900,47.295827,32.922889,-0.000000,-0.042308,-0.050551,-0.285041,0.000000,0.283041,0.000000,-126.116552,-0.000065,0.4654,0.0901,0.5692,-0.3951,-0.0423,-0.0253,0.5701,0.0000,0.9435,0.0000,1.0000,0.0650,0.2646,FLAT,0.0000|0.000000,29.8575,67905.00,30.3550,68162.50,-0.000033,0.000032
